cate_1_name,cate_2_name,cate_3_name,city_name,comment_cnt,location_id,per_pay,score,shop_id,shop_level,sales,views
美食,休闲茶饮,饮品/甜点,湖州,12.0,885,8,4.0,1,2,92689,5184
超市便利店,超市,,哈尔滨,,64,19,,2,1,39110,5984
美食,休闲茶饮,奶茶,南昌,2.0,774,5,3.0,3,0,10469,601
超市便利店,超市,,天津,,380,18,,4,1,13606,4502
美食,休闲食品,生鲜水果,杭州,2.0,263,2,2.0,5,0,31455,383
美食,烘焙糕点,面包,大连,1.0,1139,13,3.0,6,0,16896,1020
美食,快餐,西式快餐,绍兴,9.0,145,13,3.0,7,2,69938,4378
美食,休闲食品,生鲜水果,杭州,1.0,234,16,3.0,8,0,7510,1003
超市便利店,超市,,杭州,0.0,1120,15,4.0,9,1,67018,2117
超市便利店,超市,,孝感,,98,10,,10,0,5583,138
美食,小吃,其它小吃,上海,1.0,134,12,3.0,11,0,23199,338
美食,中餐,东北菜,宁波,2.0,786,20,1.0,12,0,17985,2642
美食,快餐,中式快餐,杭州,2.0,286,6,0.0,13,0,33457,405
美食,快餐,中式快餐,深圳,4.0,862,7,1.0,14,2,30342,4835
超市便利店,超市,,西安,,101,19,,15,0,12692,877
美食,小吃,其它小吃,武汉,3.0,510,17,3.0,16,2,32636,2673
美食,快餐,西式快餐,厦门,7.0,707,15,2.0,17,2,36759,5659
美食,火锅,麻辣烫/串串香,福州,1.0,260,7,4.0,18,0,5716,495
美食,休闲茶饮,饮品/甜点,上海,5.0,701,11,3.0,19,2,59173,1593
美食,汤/粥/煲/砂锅/炖菜,粥,广州,3.0,251,5,2.0,20,0,21258,1085
美食,烘焙糕点,蛋糕,上海,1.0,860,9,3.0,21,0,24440,708
美食,烘焙糕点,面包,重庆,3.0,777,6,2.0,22,2,31008,2739
超市便利店,便利店,,青岛,0.0,645,3,3.0,23,1,39248,233
美食,其他美食,西餐,温州,2.0,1058,12,2.0,24,1,18477,3392
美食,快餐,西式快餐,昆明,9.0,354,14,3.0,25,2,45869,3938
美食,快餐,中式快餐,厦门,3.0,620,12,1.0,26,1,22923,1396
美食,快餐,中式快餐,济南,2.0,109,2,3.0,27,1,24979,677
美食,快餐,西式快餐,泉州,4.0,975,14,2.0,28,2,25638,5077
美食,小吃,米粉/米线,广州,2.0,552,6,1.0,29,0,23165,387
美食,快餐,西式快餐,中山,2.0,498,7,2.0,30,2,13705,13438
超市便利店,超市,,北京,,571,18,,31,1,42360,1048
超市便利店,便利店,,杭州,0.0,789,2,4.0,32,1,105249,443
超市便利店,超市,,成都,,1159,20,,33,1,5664,1708
美食,休闲茶饮,奶茶,南京,10.0,680,4,3.0,34,0,85469,1519
超市便利店,超市,,东莞,0.0,296,18,2.0,35,0,60852,4534
超市便利店,超市,,中山,0.0,795,17,4.0,36,0,19639,2269
美食,快餐,西式快餐,上海,4.0,639,9,3.0,37,2,56483,5550
超市便利店,便利店,,广州,0.0,36,2,3.0,38,0,22958,474
美食,休闲食品,生鲜水果,上海,6.0,205,9,2.0,39,0,60826,3180
超市便利店,超市,,湖州,,1125,18,,40,0,12412,192
美食,快餐,西式快餐,上海,9.0,1054,10,3.0,41,2,69627,11403
美食,休闲茶饮,奶茶,武汉,2.0,198,1,3.0,42,0,11987,343
美食,快餐,西式快餐,上饶,3.0,102,15,2.0,43,2,20172,3778
美食,火锅,川味/重庆火锅,郑州,5.0,1088,20,4.0,44,2,12444,37001
美食,中餐,川菜,宁波,0.0,436,16,1.0,45,0,4727,230
超市便利店,超市,,南京,0.0,575,10,0.0,46,1,43971,589
超市便利店,便利店,,北京,,322,6,,47,1,12425,46
超市便利店,超市,,绍兴,,516,18,,48,0,42566,879
超市便利店,超市,,南通,0.0,253,19,3.0,49,1,133772,6504
美食,烘焙糕点,面包,上海,0.0,93,14,3.0,50,2,6650,1817
美食,快餐,中式快餐,北京,3.0,659,12,2.0,51,2,24603,2549
美食,休闲茶饮,奶茶,绍兴,2.0,192,7,3.0,52,0,17307,1003
超市便利店,便利店,,杭州,,264,2,,53,1,20321,216
超市便利店,超市,,武汉,0.0,423,9,0.0,54,1,80266,1990
美食,快餐,西式快餐,上海,8.0,357,10,3.0,55,2,77881,4934
美食,快餐,西式快餐,成都,6.0,55,14,3.0,56,2,28368,2240
美食,快餐,西式快餐,上海,8.0,229,14,2.0,57,2,73638,3829
超市便利店,超市,,杭州,2.0,1093,19,3.0,58,1,476209,16239
超市便利店,便利店,,上海,,229,4,,59,1,22515,205
美食,烘焙糕点,面包,成都,5.0,730,8,3.0,60,2,36691,1939
美食,小吃,面点,厦门,1.0,203,4,3.0,61,0,10795,299
美食,快餐,西式快餐,盐城,7.0,872,15,3.0,62,2,43538,5362
超市便利店,超市,,温州,,158,17,,63,0,35508,1092
美食,休闲茶饮,冰激凌,成都,6.0,197,1,4.0,64,0,26138,927
超市便利店,超市,,上海,,731,20,,65,1,121430,7804
超市便利店,便利店,,宁波,0.0,58,2,1.0,66,1,18632,179
美食,小吃,面点,南京,2.0,297,7,1.0,67,0,21066,1423
超市便利店,便利店,,广州,,490,3,,68,1,5825,445
休闲娱乐,网吧网咖,,南京,1.0,422,14,3.0,69,0,16722,1407
美食,烘焙糕点,蛋糕,北京,2.0,667,15,4.0,70,2,6999,1839
美食,烘焙糕点,面包,北京,2.0,761,9,3.0,71,1,24778,1533
超市便利店,超市,,广州,0.0,552,17,4.0,72,1,129555,2097
超市便利店,超市,,苏州,,780,16,,73,0,8032,1532
美食,快餐,其它快餐,上海,1.0,898,12,1.0,74,0,26672,237
美食,休闲茶饮,奶茶,济南,1.0,1104,1,4.0,75,0,4911,439
美食,烘焙糕点,面包,厦门,1.0,687,19,3.0,76,0,15711,813
美食,休闲茶饮,咖啡厅,宁波,2.0,429,17,1.0,77,0,15750,817
美食,快餐,中式快餐,上海,1.0,699,8,1.0,78,0,9053,423
美食,快餐,中式快餐,上海,3.0,1033,15,2.0,79,1,40554,968
超市便利店,超市,,金华,,874,17,,80,0,8896,727
美食,休闲食品,生鲜水果,上海,0.0,943,3,3.0,81,0,26133,247
美食,中餐,粤菜,广州,4.0,47,6,1.0,82,1,35604,1404
美食,快餐,西式快餐,无锡,5.0,180,12,3.0,83,1,41462,6671
美食,烘焙糕点,面包,上海,3.0,697,11,3.0,84,0,43108,2052
美食,快餐,西式快餐,苏州,5.0,138,12,3.0,85,2,38779,3665
超市便利店,超市,,成都,0.0,910,19,3.0,86,1,41649,2335
美食,快餐,中式快餐,福州,1.0,122,5,2.0,87,0,30585,911
美食,快餐,西式快餐,温州,13.0,665,13,3.0,88,2,163534,10985
超市便利店,超市,,重庆,0.0,754,17,4.0,89,1,18581,3882
美食,烘焙糕点,面包,上海,6.0,507,15,3.0,90,2,77091,2092
超市便利店,超市,,福州,,930,18,,91,0,11815,475
超市便利店,超市,,成都,0.0,818,19,4.0,92,1,49832,4945
美食,快餐,中式快餐,深圳,1.0,813,5,0.0,93,0,15247,514
美食,烘焙糕点,其它烘焙糕点,深圳,1.0,79,10,3.0,94,0,13143,403
美食,小吃,面点,济南,1.0,682,4,3.0,95,0,10714,1171
美食,小吃,面点,武汉,2.0,65,1,3.0,96,0,14073,632
美食,休闲食品,生鲜水果,廊坊,0.0,240,4,3.0,97,0,13144,525
美食,快餐,中式快餐,广州,1.0,587,12,1.0,98,1,11466,879
美食,休闲食品,生鲜水果,沈阳,1.0,692,5,4.0,99,0,19188,654
美食,快餐,西式快餐,南京,13.0,215,8,3.0,100,2,97368,8040
美食,烧烤,中式烧烤,温州,3.0,585,5,3.0,101,0,26686,2049
超市便利店,超市,,杭州,,914,13,,102,0,12211,439
美食,小吃,其它小吃,北京,1.0,977,4,1.0,103,0,10366,142
美食,快餐,西式快餐,福州,5.0,939,13,2.0,104,2,35598,2765
美食,快餐,西式快餐,苏州,7.0,15,14,3.0,105,2,49665,3820
超市便利店,便利店,,广州,0.0,309,2,4.0,106,0,18975,379
美食,休闲茶饮,奶茶,杭州,3.0,1093,7,3.0,107,0,39238,358
美食,快餐,西式快餐,上海,3.0,1010,8,2.0,108,2,32730,2784
超市便利店,便利店,,金华,,622,11,,109,0,13457,143
超市便利店,便利店,,北京,,982,7,,110,1,23836,81
美食,休闲茶饮,饮品/甜点,北京,3.0,430,9,3.0,111,2,26660,1336
超市便利店,超市,,珠海,0.0,204,18,3.0,112,1,38026,1389
超市便利店,超市,,厦门,,1107,1,,113,0,13354,77
美食,快餐,西式快餐,上海,15.0,134,9,3.0,114,2,170423,12151
美食,快餐,中式快餐,杭州,6.0,89,6,2.0,115,0,52854,1254
超市便利店,超市,,杭州,,386,2,,116,0,23558,143
美食,中餐,江浙菜,杭州,3.0,523,20,0.0,117,2,27547,9349
美食,快餐,中式快餐,北京,0.0,652,8,2.0,118,0,10652,130
美食,快餐,西式快餐,保定,2.0,1087,10,3.0,119,2,16889,6040
超市便利店,超市,,杭州,,1111,14,,120,0,26407,323
美食,快餐,中式快餐,上海,3.0,406,8,3.0,121,2,25530,4434
美食,快餐,其它快餐,上海,1.0,572,16,3.0,122,0,12106,496
美食,休闲食品,生鲜水果,北京,3.0,114,10,2.0,123,0,31368,582
超市便利店,超市,,杭州,0.0,1094,17,3.0,124,1,121802,3290
美食,快餐,西式快餐,大连,3.0,877,11,4.0,125,2,18027,2362
美食,小吃,其它小吃,成都,0.0,112,5,3.0,126,0,9067,566
美食,快餐,西式快餐,武汉,3.0,317,13,1.0,127,1,17755,1519
美食,其他美食,西餐,温州,1.0,665,20,2.0,128,2,15767,5553
超市便利店,超市,,宁波,0.0,46,20,4.0,129,1,73648,5746
超市便利店,超市,,南京,0.0,130,18,4.0,130,1,83889,3608
美食,休闲食品,生鲜水果,武汉,3.0,917,15,4.0,131,0,26427,578
美食,快餐,西式快餐,柳州,2.0,768,13,3.0,132,0,10543,3385
美食,快餐,中式快餐,广州,2.0,494,10,2.0,133,0,16699,1300
美食,小吃,其它小吃,宁波,1.0,764,1,3.0,134,0,34363,895
美食,休闲茶饮,奶茶,上海,4.0,828,7,4.0,135,0,24223,863
美食,烘焙糕点,面包,武汉,3.0,510,10,3.0,136,2,26877,2160
美食,烘焙糕点,面包,宁波,1.0,436,15,3.0,137,0,15878,1250
美食,小吃,面点,上海,4.0,642,16,1.0,138,0,58117,3094
美食,快餐,西式快餐,上海,4.0,244,12,3.0,139,1,29593,4193
超市便利店,便利店,,北京,,1043,5,,140,1,43867,98
超市便利店,超市,,北京,,658,17,,141,0,9330,741
超市便利店,便利店,,杭州,,789,2,,142,1,51236,622
美食,快餐,中式快餐,北京,2.0,476,3,2.0,143,0,14211,1226
美食,休闲茶饮,奶茶,上海,2.0,1054,5,4.0,144,0,13573,226
美食,快餐,西式快餐,台州,5.0,988,15,2.0,145,2,37371,3090
超市便利店,超市,,福州,,1075,19,,146,1,158867,4930
超市便利店,便利店,,广州,0.0,552,3,2.0,147,1,35882,529
超市便利店,便利店,,武汉,,737,5,,148,0,6122,88
美食,小吃,其它小吃,厦门,4.0,955,3,2.0,149,0,21893,3087
美食,休闲茶饮,饮品/甜点,厦门,2.0,1080,12,4.0,150,0,8158,394
美食,快餐,西式快餐,上海,3.0,809,9,2.0,151,1,33047,1208
美食,休闲食品,零食,武汉,1.0,557,16,3.0,152,2,11918,1817
超市便利店,超市,,黄冈,,515,17,,153,1,21305,2476
美食,休闲食品,零食,福州,0.0,330,1,1.0,154,0,18951,227
美食,快餐,西式快餐,江门,7.0,635,7,3.0,155,2,35176,14115
超市便利店,超市,,惠州,,334,18,,156,0,15931,1004
美食,快餐,西式快餐,北京,7.0,1154,14,3.0,157,2,33832,3040
美食,休闲食品,生鲜水果,温州,2.0,840,8,3.0,158,0,25475,404
美食,快餐,西式快餐,金华,6.0,595,15,3.0,159,2,36488,4550
超市便利店,便利店,,上海,0.0,153,2,4.0,160,1,75919,298
美食,小吃,其它小吃,南京,2.0,832,5,2.0,161,0,23874,1140
超市便利店,便利店,,广州,0.0,343,2,3.0,162,0,20480,355
超市便利店,超市,,杭州,0.0,778,17,4.0,163,0,16132,2225
美食,汤/粥/煲/砂锅/炖菜,砂锅/煲类/炖菜,武汉,1.0,435,1,3.0,164,0,29572,204
美食,休闲茶饮,饮品/甜点,南京,1.0,680,6,4.0,165,0,8258,270
美食,其他美食,日韩料理,北京,4.0,632,19,3.0,166,0,17946,1320
美食,小吃,其它小吃,宁波,5.0,252,1,4.0,167,0,41912,814
超市便利店,超市,,杭州,,672,10,,168,0,13894,317
美食,中餐,西北菜,南京,5.0,434,20,3.0,169,0,24595,3265
超市便利店,超市,,天津,0.0,43,18,4.0,170,1,15364,3111
美食,快餐,西式快餐,上海,7.0,709,8,3.0,171,2,69565,4655
超市便利店,超市,,北京,0.0,1005,19,4.0,172,1,52897,4761
超市便利店,超市,,南京,,66,16,,173,1,50633,1054
美食,休闲食品,生鲜水果,温州,3.0,936,2,4.0,174,0,50877,337
超市便利店,超市,,武汉,0.0,435,18,4.0,175,1,28762,656
美食,休闲茶饮,奶茶,常州,3.0,385,6,3.0,176,0,26005,801
美食,快餐,西式快餐,上海,5.0,415,11,3.0,177,2,41201,2895
超市便利店,超市,,上海,,630,16,,178,0,11207,191
美食,快餐,中式快餐,嘉兴,3.0,1136,10,3.0,179,2,29997,2993
超市便利店,超市,,苏州,,729,16,,180,0,34046,1221
美食,快餐,西式快餐,黄石,6.0,529,14,2.0,181,2,37226,9349
美食,快餐,西式快餐,聊城,2.0,455,11,3.0,182,2,13795,5623
美食,快餐,西式快餐,北京,12.0,42,9,3.0,183,2,84270,2702
美食,中餐,其它地方菜,北京,2.0,464,17,2.0,184,0,11117,2640
美食,休闲食品,其它休闲食品,广州,3.0,522,9,2.0,185,0,27424,732
美食,快餐,西式快餐,苏州,9.0,504,13,3.0,186,2,69335,3678
美食,快餐,西式快餐,惠州,5.0,83,8,2.0,187,2,23641,15850
美食,休闲茶饮,饮品/甜点,苏州,3.0,990,9,4.0,188,2,39830,1548
超市便利店,超市,,无锡,,984,17,,189,1,144810,7331
美食,快餐,西式快餐,深圳,4.0,734,14,1.0,190,2,24414,1605
美食,快餐,西式快餐,深圳,4.0,531,7,3.0,191,1,25026,3545
美食,快餐,西式快餐,东莞,4.0,858,14,2.0,192,2,28254,3068
美食,快餐,西式快餐,西安,9.0,1070,13,3.0,193,2,48929,3328
美食,休闲茶饮,奶茶,上海,1.0,1032,5,3.0,194,0,23118,124
美食,其他美食,西餐,孝感,4.0,98,19,1.0,195,2,26496,26468
美食,快餐,西式快餐,深圳,3.0,407,15,1.0,196,2,26513,2055
美食,烘焙糕点,面包,绍兴,2.0,1063,9,3.0,197,0,18478,4285
美食,快餐,中式快餐,南京,1.0,399,8,1.0,198,0,14141,340
超市便利店,超市,,苏州,,1034,15,,199,0,18299,905
美食,快餐,西式快餐,上海,9.0,478,16,1.0,200,2,84358,3446
美食,小吃,其它小吃,南京,0.0,1053,4,3.0,201,0,5644,97
美食,休闲食品,生鲜水果,厦门,1.0,1107,1,2.0,202,0,27784,238
超市便利店,超市,,上海,,356,18,,203,1,92469,6761
美食,快餐,西式快餐,佛山,3.0,738,10,3.0,204,2,20872,10881
美食,烘焙糕点,蛋糕,杭州,2.0,280,9,4.0,205,1,36561,1996
美食,中餐,粤菜,南宁,1.0,353,20,1.0,206,2,7097,2759
美食,中餐,川菜,北京,5.0,396,17,3.0,207,2,24550,2499
超市便利店,超市,,北京,,580,17,,208,0,7981,351
美食,休闲茶饮,饮品/甜点,常州,3.0,743,11,3.0,209,2,21384,1453
美食,小吃,其它小吃,武汉,7.0,788,14,3.0,210,2,52983,3473
美食,快餐,西式快餐,深圳,9.0,966,12,2.0,211,2,47586,4665
美食,中餐,江浙菜,南通,1.0,995,20,1.0,212,0,8983,4086
美食,休闲食品,生鲜水果,温州,2.0,1058,1,4.0,213,0,20872,270
美食,中餐,江浙菜,深圳,1.0,1109,20,1.0,214,2,8564,5333
美食,休闲茶饮,奶茶,北京,7.0,77,4,3.0,215,0,40282,499
美食,烘焙糕点,蛋糕,北京,3.0,376,14,4.0,216,2,25604,1617
美食,快餐,西式快餐,杭州,20.0,1092,13,3.0,217,2,139728,10620
超市便利店,超市,,北京,,1043,2,,218,1,5671,212
美食,休闲食品,生鲜水果,温州,1.0,236,11,3.0,219,0,12394,646
美食,中餐,川菜,杭州,2.0,378,20,3.0,220,0,22290,6446
美食,烘焙糕点,面包,武汉,2.0,259,13,3.0,221,0,17694,1260
美食,休闲食品,零食,南昌,1.0,774,14,0.0,222,1,5288,612
美食,火锅,麻辣烫/串串香,武汉,6.0,198,20,3.0,223,0,24164,3043
超市便利店,便利店,,温州,0.0,442,2,2.0,224,1,26705,438
美食,快餐,中式快餐,宁波,1.0,58,9,0.0,225,0,14836,500
美食,快餐,中式快餐,广州,7.0,928,5,2.0,226,0,45184,1713
美食,休闲茶饮,饮品/甜点,西安,3.0,708,6,3.0,227,0,17426,913
超市便利店,超市,,南京,0.0,221,13,4.0,228,1,17221,351
美食,快餐,西式快餐,佛山,3.0,881,9,3.0,229,2,26621,10064
超市便利店,超市,,福州,,607,14,,230,0,6201,204
超市便利店,超市,,南京,0.0,212,17,4.0,231,1,22789,1914
超市便利店,便利店,,温州,0.0,841,5,3.0,232,1,22405,484
美食,烘焙糕点,面包,杭州,6.0,264,11,3.0,233,1,85395,4477
美食,快餐,中式快餐,合肥,2.0,374,5,0.0,234,0,19818,1474
美食,休闲茶饮,奶茶,合肥,6.0,775,5,4.0,235,0,22535,1810
美食,快餐,中式快餐,苏州,2.0,63,9,2.0,236,2,20260,5996
美食,烘焙糕点,面包,南宁,1.0,1137,10,3.0,237,0,16727,1295
美食,快餐,中式快餐,北京,3.0,42,20,2.0,238,0,24669,4588
美食,快餐,西式快餐,宿迁,6.0,265,16,3.0,239,2,32913,11806
美食,快餐,西式快餐,上海,10.0,544,9,3.0,240,2,87532,8653
美食,烘焙糕点,面包,上海,2.0,924,11,3.0,241,2,26506,1807
美食,休闲食品,生鲜水果,宁波,2.0,58,13,3.0,242,0,27769,930
超市便利店,超市,,漳州,,202,18,,243,1,88512,8408
美食,休闲茶饮,奶茶,广州,2.0,44,2,3.0,244,0,19492,1337
美食,休闲食品,零食,绍兴,2.0,219,6,4.0,245,0,38276,785
美食,小吃,其它小吃,武汉,1.0,324,6,2.0,246,0,8228,146
医疗健康,药店,,武汉,1.0,198,20,3.0,247,0,6667,0
美食,烘焙糕点,面包,上海,0.0,1019,10,3.0,248,1,6546,963
美食,快餐,中式快餐,宁波,1.0,166,16,3.0,249,0,16339,858
美食,烧烤,中式烧烤,武汉,2.0,831,20,1.0,250,0,11015,4454
美食,快餐,中式快餐,北京,2.0,94,6,3.0,251,0,14722,437
美食,快餐,西式快餐,深圳,7.0,491,13,3.0,252,2,37659,8550
美食,中餐,海鲜,北京,3.0,1150,20,3.0,253,0,9626,12122
美食,休闲茶饮,奶茶,厦门,1.0,1107,1,4.0,254,0,18118,307
美食,快餐,中式快餐,北京,1.0,538,11,2.0,255,0,15042,1139
超市便利店,超市,,南宁,0.0,76,18,3.0,256,1,63023,11504
超市便利店,便利店,,北京,,129,6,,257,0,10589,331
美食,快餐,西式快餐,蚌埠,8.0,159,12,3.0,258,2,42879,5011
美食,休闲茶饮,饮品/甜点,苏州,3.0,685,10,3.0,259,2,28844,1297
美食,快餐,西式快餐,金华,6.0,923,15,2.0,260,2,34106,3596
美食,快餐,西式快餐,南宁,8.0,1137,15,2.0,261,2,47818,4233
美食,小吃,其它小吃,宁波,3.0,150,9,3.0,262,0,29473,1489
超市便利店,便利店,,杭州,,1091,10,,263,1,34048,470
美食,休闲食品,生鲜水果,杭州,3.0,521,8,3.0,264,0,37019,324
美食,快餐,中式快餐,长沙,3.0,394,7,2.0,265,2,19255,4690
美食,快餐,西式快餐,沈阳,5.0,128,13,3.0,266,2,29574,2420
美食,快餐,中式快餐,金华,1.0,267,6,0.0,267,0,11856,1557
超市便利店,便利店,,深圳,0.0,531,3,3.0,268,0,26953,233
美食,快餐,中式快餐,上海,1.0,365,9,1.0,269,0,11732,1115
美食,快餐,中式快餐,广州,10.0,928,5,3.0,270,0,46865,1521
美食,快餐,其它快餐,广州,1.0,488,5,0.0,271,0,18810,614
美食,烘焙糕点,面包,杭州,3.0,280,1,4.0,272,0,65509,968
美食,快餐,西式快餐,济南,9.0,934,13,3.0,273,2,52587,2757
美食,快餐,中式快餐,深圳,4.0,733,7,2.0,274,2,28554,5241
美食,休闲食品,生鲜水果,广州,2.0,8,4,3.0,275,0,33945,765
超市便利店,超市,,上海,,168,19,,276,1,25839,3422
美食,中餐,西北菜,上海,2.0,1054,20,3.0,277,2,10590,3556
美食,快餐,西式快餐,广州,14.0,343,8,3.0,278,2,78116,12546
美食,快餐,西式快餐,广州,8.0,228,13,0.0,279,0,112728,4964
美食,休闲茶饮,饮品/甜点,武汉,2.0,812,15,3.0,280,0,10390,599
美食,快餐,西式快餐,苏州,10.0,276,13,3.0,281,2,73060,4242
超市便利店,便利店,,杭州,0.0,378,3,3.0,282,1,57874,401
美食,中餐,海鲜,大连,9.0,227,20,4.0,283,0,31559,13513
美食,休闲茶饮,饮品/甜点,上海,0.0,924,9,3.0,284,0,16930,115
美食,快餐,中式快餐,杭州,11.0,629,14,2.0,285,2,93795,4737
美食,中餐,江浙菜,温州,1.0,837,1,2.0,286,0,61167,317
美食,快餐,西式快餐,苏州,13.0,276,15,3.0,287,2,86355,7546
美食,其他美食,西餐,上海,2.0,906,18,3.0,288,1,26572,1065
美食,快餐,中式快餐,深圳,2.0,1078,9,3.0,289,0,20379,757
超市便利店,便利店,,温州,0.0,141,6,4.0,290,1,17454,189
美食,快餐,其它快餐,上海,1.0,255,11,3.0,291,0,17698,555
超市便利店,便利店,,广州,0.0,57,3,0.0,292,0,29477,516
超市便利店,超市,,福州,0.0,122,17,3.0,293,1,67697,2204
美食,汤/粥/煲/砂锅/炖菜,砂锅/煲类/炖菜,南京,3.0,680,8,3.0,294,0,42290,838
美食,休闲茶饮,奶茶,南昌,3.0,848,1,3.0,295,0,23762,419
超市便利店,超市,,成都,,845,18,,296,1,139253,8382
美食,休闲食品,生鲜水果,长沙,2.0,104,2,2.0,297,0,18236,683
超市便利店,超市,,西安,,1020,19,,298,1,89670,12611
美食,快餐,中式快餐,杭州,6.0,884,8,3.0,299,2,69145,7635
美食,休闲食品,生鲜水果,杭州,1.0,72,11,3.0,300,0,8906,558
超市便利店,便利店,,重庆,0.0,486,3,1.0,301,1,23274,236
美食,快餐,中式快餐,武汉,0.0,209,1,0.0,302,0,15092,93
美食,快餐,西式快餐,西安,5.0,708,15,3.0,303,2,25473,2823
美食,快餐,西式快餐,温州,15.0,969,15,3.0,304,2,89400,6957
美食,快餐,西式快餐,广州,7.0,439,8,3.0,305,2,30207,9890
美食,快餐,中式快餐,深圳,2.0,847,3,0.0,306,0,27589,334
美食,快餐,西式快餐,绍兴,4.0,1082,14,3.0,307,2,21742,3685
美食,小吃,米粉/米线,杭州,0.0,789,12,4.0,308,0,4778,213
美食,快餐,中式快餐,青岛,2.0,645,6,3.0,309,0,20303,908
超市便利店,超市,,深圳,,576,17,,310,1,24363,3673
美食,快餐,中式快餐,北京,5.0,880,5,3.0,311,2,41957,3005
美食,快餐,中式快餐,嘉兴,5.0,1149,7,2.0,312,2,46355,2500
美食,快餐,中式快餐,深圳,3.0,983,2,0.0,313,0,38605,1332
美食,休闲茶饮,咖啡,南京,2.0,399,15,4.0,314,0,22138,320
美食,快餐,西式快餐,上海,7.0,453,11,3.0,315,2,55897,3453
美食,休闲茶饮,奶茶,杭州,2.0,681,2,4.0,316,0,27494,242
美食,小吃,其它小吃,苏州,1.0,902,5,2.0,317,0,11730,168
美食,中餐,粤菜,南京,4.0,680,18,3.0,318,0,39267,2203
美食,小吃,面点,上海,2.0,640,1,3.0,319,0,32800,918
美食,快餐,西式快餐,合肥,19.0,337,13,2.0,320,2,112081,10949
美食,快餐,中式快餐,杭州,1.0,258,10,1.0,321,0,10851,693
超市便利店,便利店,,佛山,0.0,82,3,1.0,322,0,17577,852
美食,快餐,西式快餐,南京,10.0,680,11,3.0,323,2,70934,2138
美食,休闲食品,生鲜水果,杭州,3.0,181,10,3.0,324,0,30498,499
美食,快餐,西式快餐,天津,6.0,30,8,4.0,325,2,18554,4955
美食,火锅,其它火锅,沈阳,2.0,929,20,3.0,326,0,8914,11854
美食,小吃,面点,上海,1.0,924,17,2.0,327,1,12850,518
美食,烘焙糕点,蛋糕,杭州,5.0,146,12,4.0,328,2,46934,3962
超市便利店,便利店,,青岛,0.0,940,5,3.0,329,1,25593,284
美食,其他美食,日韩料理,南京,1.0,680,18,3.0,330,0,8918,5499
美食,快餐,中式快餐,武汉,1.0,277,1,0.0,331,0,45940,365
美食,快餐,西式快餐,泰州,7.0,785,12,3.0,332,2,43506,4761
美食,烘焙糕点,蛋糕,上海,1.0,609,12,3.0,333,1,23480,940
美食,休闲食品,生鲜水果,杭州,1.0,827,2,3.0,334,0,24399,270
美食,快餐,中式快餐,广州,7.0,47,5,2.0,335,2,60042,5004
美食,火锅,其它火锅,上海,4.0,478,19,1.0,336,0,22454,11221
美食,快餐,西式快餐,佛山,8.0,559,10,2.0,337,2,38909,2777
超市便利店,超市,,上海,0.0,1013,19,2.0,338,1,156907,5088
美食,休闲茶饮,咖啡厅,济南,3.0,38,17,4.0,339,0,15785,2543
美食,休闲食品,生鲜水果,杭州,1.0,760,18,4.0,340,0,24428,604
美食,快餐,西式快餐,宁波,11.0,133,14,3.0,341,2,86434,4130
美食,小吃,其它小吃,南京,2.0,680,2,4.0,342,0,24303,433
美食,快餐,西式快餐,佛山,5.0,536,9,3.0,343,2,28705,8810
美食,快餐,西式快餐,广州,8.0,711,8,3.0,344,2,39532,10969
美食,快餐,西式快餐,丽水,6.0,432,14,3.0,345,2,48243,5044
超市便利店,便利店,,温州,0.0,837,3,4.0,346,1,57524,624
美食,快餐,西式快餐,邯郸,3.0,604,7,3.0,347,2,18351,15209
超市便利店,超市,,北京,0.0,540,19,4.0,348,1,89689,3791
超市便利店,超市,,合肥,,599,12,,349,0,11882,304
超市便利店,便利店,,北京,,113,6,,350,1,27681,79
美食,烘焙糕点,面包,南京,2.0,215,6,3.0,351,0,22547,419
超市便利店,便利店,,北京,,139,2,,352,0,22665,432
美食,小吃,其它小吃,北京,1.0,538,15,4.0,353,0,8038,410
超市便利店,超市,,温州,,1014,14,,354,0,13890,369
美食,小吃,其它小吃,南京,2.0,172,7,3.0,355,0,22900,1305
美食,快餐,西式快餐,广州,9.0,67,11,2.0,356,2,49287,6017
超市便利店,超市,,南京,,96,6,,357,0,8089,177
美食,快餐,西式快餐,上海,4.0,642,11,3.0,358,2,42029,2283
美食,快餐,西式快餐,南通,8.0,187,13,3.0,359,2,60182,3103
超市便利店,超市,,天津,0.0,612,18,3.0,360,1,46628,6851
美食,快餐,中式快餐,南京,2.0,399,4,2.0,361,0,22963,353
美食,快餐,中式快餐,济南,5.0,69,3,3.0,362,1,44821,1193
超市便利店,超市,,武汉,0.0,277,9,4.0,363,1,17446,845
美食,中餐,江浙菜,佛山,4.0,82,20,0.0,364,0,14174,13210
美食,快餐,西式快餐,广州,4.0,577,13,2.0,365,2,22445,5514
美食,休闲食品,其它休闲食品,常州,1.0,390,3,2.0,366,0,17120,175
医疗健康,药店,,上海,1.0,1119,16,1.0,367,0,6808,0
美食,快餐,中式快餐,武汉,0.0,209,1,0.0,368,0,16645,85
美食,快餐,西式快餐,南宁,6.0,484,10,3.0,369,2,36638,12498
美食,休闲茶饮,饮品/甜点,上海,8.0,809,8,3.0,370,2,84214,2356
超市便利店,超市,,泉州,,1035,20,,371,0,25823,676
超市便利店,超市,,无锡,,1050,19,,372,0,6677,301
美食,快餐,西式快餐,贵阳,2.0,783,11,3.0,373,2,14018,4629
美食,休闲茶饮,奶茶,武汉,2.0,290,1,4.0,374,0,18528,137
美食,小吃,其它小吃,咸宁,3.0,320,16,2.0,375,2,26983,11308
美食,快餐,西式快餐,青岛,3.0,869,13,3.0,376,2,20387,3300
超市便利店,便利店,,福州,0.0,1075,3,4.0,377,1,21172,709
美食,快餐,中式快餐,南京,4.0,669,10,3.0,378,2,28130,1810
美食,中餐,粤菜,杭州,2.0,523,20,1.0,379,0,14901,2347
美食,快餐,西式快餐,绍兴,13.0,426,14,3.0,380,2,106851,8322
美食,休闲食品,生鲜水果,杭州,1.0,303,16,2.0,381,2,25073,468
美食,休闲食品,生鲜水果,杭州,3.0,849,15,3.0,382,2,28089,888
美食,快餐,中式快餐,杭州,3.0,897,5,4.0,383,0,24003,713
美食,中餐,粤菜,上海,1.0,642,19,2.0,384,0,12727,1489
美食,快餐,西式快餐,福州,2.0,578,13,1.0,385,1,17297,5622
美食,快餐,西式快餐,上海,7.0,781,10,3.0,386,2,53697,3080
美食,快餐,西式快餐,杭州,2.0,1091,13,3.0,387,0,22168,647
美食,烘焙糕点,面包,北京,3.0,1038,13,3.0,388,0,29842,734
美食,快餐,中式快餐,上海,0.0,779,5,3.0,389,0,15942,1049
美食,休闲茶饮,奶茶,北京,3.0,534,4,3.0,390,0,19851,339
美食,快餐,西式快餐,上海,9.0,1036,15,2.0,391,2,90326,1480
超市便利店,便利店,,北京,,160,6,,392,1,40027,193
超市便利店,超市,,深圳,0.0,1052,18,2.0,393,1,126328,3245
美食,休闲茶饮,奶茶,徐州,4.0,689,2,3.0,394,0,40763,1332
美食,快餐,西式快餐,上海,6.0,662,10,3.0,395,2,60552,6696
美食,其他美食,其他餐饮美食,杭州,3.0,1120,16,4.0,396,0,25751,423
美食,烘焙糕点,面包,上海,2.0,356,15,3.0,397,1,38354,1378
美食,快餐,西式快餐,北京,3.0,376,9,3.0,398,2,23926,1900
美食,快餐,西式快餐,常州,11.0,743,16,3.0,399,2,68861,4715
超市便利店,超市,,泉州,,965,15,,400,0,5649,542
美食,休闲食品,零食,长沙,0.0,811,14,1.0,401,0,9167,311
美食,休闲茶饮,饮品/甜点,上海,6.0,679,8,3.0,402,2,70272,1553
美食,中餐,川菜,成都,5.0,730,20,2.0,403,0,23206,10877
美食,快餐,西式快餐,上海,7.0,191,13,3.0,404,2,61427,8232
超市便利店,便利店,,成都,0.0,732,4,2.0,405,0,31430,197
美食,快餐,中式快餐,杭州,1.0,485,2,3.0,406,0,19412,311
美食,烘焙糕点,面包,上海,6.0,976,12,3.0,407,2,69027,3174
超市便利店,超市,,贵阳,,666,20,,408,1,74067,11084
超市便利店,超市,,武汉,0.0,1027,10,0.0,409,1,22805,394
美食,休闲茶饮,奶茶,温州,1.0,100,2,3.0,410,0,16359,248
美食,小吃,其它小吃,南京,1.0,399,5,3.0,411,0,12032,294
美食,中餐,西北菜,广州,1.0,29,15,2.0,412,0,18321,883
美食,快餐,中式快餐,北京,4.0,574,12,2.0,413,0,40259,1008
超市便利店,超市,,福州,0.0,702,19,4.0,414,1,150072,4811
美食,小吃,面点,上海,0.0,924,5,1.0,415,0,5862,54
美食,其他美食,西餐,深圳,3.0,1052,19,3.0,416,0,25593,6604
美食,快餐,西式快餐,辽阳,4.0,1056,13,4.0,417,2,23209,2539
美食,快餐,西式快餐,常州,9.0,570,14,3.0,418,2,52463,6356
美食,快餐,西式快餐,广州,2.0,686,16,3.0,419,2,12973,2246
超市便利店,便利店,,广州,0.0,327,3,4.0,420,1,21714,469
美食,烧烤,中式烧烤,绍兴,2.0,214,20,1.0,421,2,16696,5164
美食,休闲食品,生鲜水果,长沙,6.0,1012,16,3.0,422,1,38043,2022
美食,休闲茶饮,奶茶,武汉,3.0,1128,4,3.0,423,0,15729,469
超市便利店,超市,,广州,0.0,465,16,1.0,424,1,17811,1472
美食,中餐,西北菜,上海,4.0,809,19,3.0,425,0,18001,12867
美食,小吃,其它小吃,上海,2.0,229,16,2.0,426,0,14810,714
美食,其他美食,日韩料理,上海,2.0,642,20,3.0,427,0,13847,757
美食,休闲茶饮,饮品/甜点,厦门,1.0,1103,2,2.0,428,0,22166,3689
美食,快餐,西式快餐,株洲,4.0,6,14,3.0,429,2,24743,3268
超市便利店,便利店,,深圳,,195,5,,430,0,7519,678
美食,快餐,西式快餐,东莞,5.0,913,9,2.0,431,2,23383,22613
美食,休闲茶饮,饮品/甜点,沈阳,2.0,952,16,3.0,432,0,16951,1854
超市便利店,超市,,深圳,0.0,733,10,2.0,433,1,22247,155
美食,中餐,湖北菜,武汉,0.0,269,20,1.0,434,0,5496,1158
超市便利店,超市,,合肥,,99,19,,435,1,86714,3789
美食,快餐,西式快餐,武汉,9.0,608,8,3.0,436,2,89098,9890
美食,快餐,中式快餐,深圳,1.0,562,8,0.0,437,0,12107,1568
休闲娱乐,网吧网咖,,杭州,0.0,1120,12,3.0,438,0,6490,1378
美食,中餐,江浙菜,金华,2.0,45,12,1.0,439,0,13576,1765
超市便利店,便利店,,杭州,,131,6,,440,0,8560,761
超市便利店,超市,,上海,0.0,427,19,3.0,441,1,69225,7096
美食,快餐,西式快餐,天津,8.0,1123,11,3.0,442,2,31519,2875
美食,火锅,麻辣烫/串串香,上海,1.0,1061,13,2.0,443,0,7118,214
美食,休闲食品,生鲜水果,无锡,1.0,177,15,3.0,444,0,13810,452
美食,其他美食,其他餐饮美食,武汉,1.0,37,7,2.0,445,0,26530,1817
超市便利店,超市,,荆州,0.0,482,18,4.0,446,1,17565,5515
美食,快餐,中式快餐,广州,5.0,552,5,1.0,447,2,62120,5804
超市便利店,便利店,,北京,,916,6,,448,1,23713,55
美食,休闲茶饮,冰激凌,温州,1.0,1129,17,3.0,449,0,12651,848
超市便利店,超市,,无锡,,782,14,,450,0,6814,190
美食,火锅,川味/重庆火锅,杭州,6.0,405,20,4.0,451,2,27927,16995
超市便利店,超市,,杭州,,756,7,,452,0,22675,951
美食,快餐,其它快餐,上海,2.0,830,15,3.0,453,0,12328,581
超市便利店,便利店,,广州,0.0,1124,2,4.0,454,0,18625,577
美食,休闲食品,生鲜水果,杭州,6.0,264,17,3.0,455,2,62873,2140
美食,快餐,西式快餐,广州,5.0,257,7,2.0,456,2,19791,9984
美食,其他美食,日韩料理,杭州,1.0,250,7,3.0,457,0,12555,190
美食,快餐,西式快餐,济南,8.0,767,14,2.0,458,2,51553,1922
美食,其他美食,自助餐,南京,2.0,673,20,1.0,459,0,23900,8782
美食,中餐,其它地方菜,杭州,2.0,261,4,2.0,460,0,32824,1113
美食,烘焙糕点,面包,北京,0.0,86,15,3.0,461,1,4982,299
美食,快餐,西式快餐,济南,4.0,23,8,3.0,462,2,25473,3520
超市便利店,超市,,武汉,,861,16,,463,0,20051,665
美食,快餐,西式快餐,北京,4.0,696,10,3.0,464,2,25972,1617
超市便利店,超市,,上海,0.0,346,19,3.0,465,1,132492,6081
美食,休闲茶饮,饮品/甜点,武汉,3.0,1007,18,3.0,466,0,18235,1369
超市便利店,超市,,泉州,,965,17,,467,1,26579,4954
美食,快餐,西式快餐,广州,7.0,757,13,3.0,468,2,31375,5045
美食,快餐,中式快餐,北京,1.0,696,5,3.0,469,0,6295,88
美食,小吃,其它小吃,上海,1.0,639,6,4.0,470,0,11958,255
美食,休闲食品,美食特产,南京,1.0,399,10,3.0,471,0,8460,185
美食,快餐,西式快餐,南京,12.0,377,9,4.0,472,2,107717,6671
美食,快餐,中式快餐,北京,0.0,916,5,2.0,473,0,21273,150
美食,休闲食品,生鲜水果,杭州,0.0,797,6,3.0,474,0,6446,256
超市便利店,超市,,广州,0.0,155,16,3.0,475,1,38788,7008
美食,小吃,其它小吃,杭州,1.0,378,9,3.0,476,0,20787,327
美食,小吃,面点,杭州,1.0,287,11,2.0,477,0,11813,926
美食,休闲食品,生鲜水果,深圳,2.0,810,14,3.0,478,2,22857,1153
超市便利店,超市,,北京,,727,16,,479,0,11303,345
美食,快餐,西式快餐,珠海,4.0,664,15,2.0,480,2,27954,1309
超市便利店,超市,,武汉,0.0,776,9,4.0,481,1,18067,823
美食,快餐,西式快餐,太原,7.0,925,15,3.0,482,2,39012,3546
超市便利店,便利店,,广州,0.0,473,4,4.0,483,0,17390,606
美食,休闲食品,零食,南京,2.0,796,20,4.0,484,0,11458,900
美食,休闲食品,生鲜水果,杭州,2.0,181,12,1.0,485,0,30034,757
超市便利店,便利店,,苏州,,398,4,,486,0,7279,148
美食,休闲食品,生鲜水果,上海,1.0,453,15,3.0,487,2,26814,432
超市便利店,超市,,北京,,1141,10,,488,0,9524,197
超市便利店,便利店,,温州,0.0,1029,4,0.0,489,1,19982,214
美食,休闲茶饮,冰激凌,哈尔滨,1.0,451,16,4.0,490,0,5882,1028
超市便利店,超市,,北京,0.0,94,18,0.0,491,1,76754,1543
超市便利店,便利店,,南京,0.0,377,8,4.0,492,1,22156,527
美食,烘焙糕点,面包,厦门,0.0,10,1,2.0,493,0,11162,205
美发/美容/美甲,美容美发,,北京,2.0,889,20,3.0,494,1,7678,4147
美食,快餐,中式快餐,广州,2.0,552,17,0.0,495,0,13529,1083
美食,小吃,其它小吃,上海,2.0,478,10,3.0,496,0,12362,1560
美食,小吃,其它小吃,武汉,1.0,606,16,2.0,497,2,8748,3397
美食,休闲食品,生鲜水果,南京,2.0,1126,4,3.0,498,0,23762,268
美食,快餐,西式快餐,濮阳,5.0,163,14,3.0,499,2,30448,3515
美食,烧烤,中式烧烤,杭州,5.0,264,20,2.0,500,2,36160,10952
美食,休闲茶饮,饮品/甜点,济南,1.0,528,1,4.0,501,0,5809,1241
美食,快餐,西式快餐,厦门,9.0,620,13,3.0,502,2,58033,3128
美食,快餐,中式快餐,苏州,3.0,48,13,2.0,503,1,31697,1844
超市便利店,便利店,,长沙,0.0,650,7,4.0,504,0,26323,458
超市便利店,便利店,,广州,0.0,932,3,4.0,505,0,18377,1213
美食,烘焙糕点,面包,北京,1.0,632,15,3.0,506,1,7287,656
美食,休闲食品,生鲜水果,福州,4.0,425,2,3.0,507,0,44896,377
超市便利店,便利店,,北京,,836,7,,508,1,20808,67
美食,小吃,其它小吃,南昌,3.0,1135,16,2.0,509,2,28792,5242
超市便利店,便利店,,温州,0.0,969,4,4.0,510,1,18334,306
美食,快餐,西式快餐,淮安,11.0,447,14,3.0,511,2,64446,6139
美食,休闲茶饮,奶茶,武汉,2.0,1024,1,3.0,512,0,12044,434
美食,小吃,面点,北京,3.0,367,5,3.0,513,0,20644,672
美食,休闲食品,生鲜水果,杭州,1.0,884,11,2.0,514,0,26127,328
超市便利店,便利店,,中山,0.0,660,2,0.0,515,0,35734,405
美食,小吃,其它小吃,苏州,1.0,922,5,2.0,516,0,7762,415
超市便利店,超市,,苏州,0.0,902,17,4.0,517,1,380184,6705
美食,烘焙糕点,面包,常州,1.0,452,12,3.0,518,1,12461,832
美食,快餐,西式快餐,上海,4.0,864,11,3.0,519,2,44277,7505
超市便利店,便利店,,淮北,0.0,493,5,3.0,520,1,22693,4032
美食,快餐,西式快餐,上海,3.0,478,13,1.0,521,2,23758,3749
美食,中餐,江浙菜,深圳,6.0,991,20,2.0,522,2,24120,14377
美食,快餐,其它快餐,无锡,0.0,766,17,1.0,523,1,13554,682
美食,小吃,其它小吃,杭州,0.0,378,6,3.0,524,0,8279,321
美食,休闲食品,生鲜水果,广州,3.0,335,12,3.0,525,2,33142,803
美食,快餐,西式快餐,无锡,7.0,1067,12,3.0,526,2,48722,4519
美食,小吃,面点,杭州,1.0,303,9,3.0,527,0,17517,731
超市便利店,超市,,宁波,0.0,723,19,3.0,528,1,153060,6214
美食,快餐,中式快餐,南京,1.0,527,10,1.0,529,0,12793,726
美食,快餐,中式快餐,深圳,6.0,847,3,0.0,530,0,101493,1434
美食,快餐,西式快餐,嘉兴,9.0,753,13,3.0,531,2,71550,6488
美食,休闲食品,生鲜水果,杭州,0.0,89,9,3.0,532,0,10186,196
超市便利店,便利店,,深圳,,1109,3,,533,0,29659,358
美食,休闲茶饮,冰激凌,杭州,4.0,1093,11,3.0,534,1,32049,3218
超市便利店,超市,,西安,,942,18,,535,1,54802,2768
超市便利店,超市,,上海,,545,11,,536,0,10187,137
美食,快餐,西式快餐,扬州,4.0,547,14,3.0,537,1,27672,11089
美食,休闲茶饮,冰激凌,北京,1.0,1130,10,3.0,538,0,9306,169
美食,快餐,西式快餐,福州,4.0,1,9,3.0,539,2,25399,7852
超市便利店,超市,,温州,0.0,174,7,4.0,540,0,23021,305
超市便利店,便利店,,温州,0.0,239,2,4.0,541,1,34550,930
美食,快餐,中式快餐,杭州,1.0,908,9,1.0,542,0,12809,1203
美食,小吃,其它小吃,南京,1.0,399,2,3.0,543,0,20626,341
美食,小吃,其它小吃,绍兴,4.0,418,10,3.0,544,0,41167,1092
美食,休闲食品,零食,广州,1.0,228,9,2.0,545,0,22760,541
美食,快餐,西式快餐,佛山,4.0,1122,10,3.0,546,2,26779,5508
美食,休闲茶饮,饮品/甜点,厦门,1.0,10,1,3.0,547,0,9878,323
美食,快餐,西式快餐,上海,6.0,1054,10,3.0,548,2,46665,2469
美食,烘焙糕点,面包,常州,3.0,385,17,4.0,549,0,23838,2369
美食,火锅,麻辣烫/串串香,上海,1.0,1110,14,3.0,550,0,9378,1107
美食,烘焙糕点,面包,上海,1.0,554,10,2.0,551,1,25557,852
美食,小吃,面点,杭州,2.0,740,9,2.0,552,0,27993,992
超市便利店,超市,,蚌埠,,958,12,,553,0,20730,1329
美食,其他美食,自助餐,福州,2.0,35,20,2.0,554,0,9776,7610
美食,休闲食品,生鲜水果,杭州,2.0,131,7,4.0,555,0,18444,1474
超市便利店,便利店,,温州,0.0,170,5,2.0,556,1,17580,912
美食,快餐,中式快餐,广州,15.0,57,7,3.0,557,0,95270,3613
美食,休闲食品,生鲜水果,广州,4.0,800,7,2.0,558,0,31301,747
美食,快餐,中式快餐,福州,1.0,122,3,2.0,559,0,50620,1211
美食,小吃,其它小吃,武汉,7.0,915,19,3.0,560,2,62106,3723
超市便利店,超市,,苏州,,456,1,,561,0,5272,51
美食,中餐,其它地方菜,杭州,0.0,378,6,3.0,562,0,6955,316
美食,快餐,西式快餐,龙岩,2.0,95,10,3.0,563,2,12732,5344
美食,快餐,西式快餐,宁波,9.0,762,16,2.0,564,2,76683,8959
美食,快餐,西式快餐,上海,7.0,406,8,3.0,565,2,72741,8221
美食,快餐,西式快餐,合肥,7.0,817,12,3.0,566,2,37313,3139
超市便利店,便利店,,北京,,617,5,,567,0,10328,194
美食,快餐,西式快餐,湖州,7.0,1105,14,3.0,568,2,59239,4829
美食,烘焙糕点,面包,福州,1.0,851,2,2.0,569,0,38157,378
美食,快餐,西式快餐,湖州,12.0,899,6,3.0,570,2,56589,14955
美食,快餐,中式快餐,上海,3.0,679,6,2.0,571,0,30096,386
美食,休闲茶饮,奶茶,杭州,7.0,1093,6,4.0,572,0,38653,968
美食,快餐,西式快餐,沈阳,4.0,475,15,4.0,573,2,24038,1967
美食,其他美食,日韩料理,上海,1.0,1032,19,3.0,574,0,16468,401
美食,快餐,中式快餐,杭州,2.0,1091,10,1.0,575,0,20256,904
美食,快餐,西式快餐,镇江,4.0,438,13,3.0,576,2,32089,2250
超市便利店,超市,,金华,,437,20,,577,1,165387,13307
超市便利店,便利店,,广州,0.0,343,3,2.0,578,0,32180,312
美食,快餐,其它快餐,上海,3.0,1113,15,2.0,579,0,23772,756
超市便利店,超市,,宁波,0.0,759,19,3.0,580,1,187176,9253
超市便利店,便利店,,上海,0.0,1023,2,4.0,581,1,17695,210
美食,休闲茶饮,奶茶,苏州,1.0,421,5,3.0,582,0,11062,750
美食,快餐,西式快餐,武汉,4.0,435,13,2.0,583,2,26886,1899
超市便利店,超市,,襄阳,0.0,593,17,0.0,584,1,34191,8021
美食,休闲茶饮,饮品/甜点,上海,3.0,544,7,3.0,585,2,32317,1506
美食,小吃,面点,南京,3.0,680,8,3.0,586,0,28826,506
超市便利店,超市,,郑州,,74,19,,587,1,25771,5202
美食,中餐,香锅/烤鱼,台州,1.0,84,20,1.0,588,0,11323,3973
美食,快餐,西式快餐,金华,4.0,1157,16,3.0,589,2,29076,2614
超市便利店,超市,,福州,0.0,122,11,0.0,590,0,9205,112
美食,快餐,西式快餐,咸阳,5.0,931,14,3.0,591,2,24276,4358
超市便利店,超市,,常州,,1079,17,,592,1,51020,8476
美食,休闲食品,其它休闲食品,南京,7.0,399,9,3.0,593,0,76400,841
美食,休闲茶饮,奶茶,济南,2.0,23,12,3.0,594,1,16517,661
美食,休闲茶饮,奶茶,杭州,3.0,386,1,4.0,595,0,26200,228
美食,快餐,西式快餐,东莞,3.0,1055,13,2.0,596,2,17136,2732
美食,烘焙糕点,面包,南京,2.0,96,10,3.0,597,0,15924,1171
超市便利店,便利店,,北京,,535,7,,598,0,7648,192
美食,休闲食品,生鲜水果,杭州,0.0,275,16,3.0,599,0,10364,291
美食,快餐,其它快餐,上海,6.0,906,13,3.0,600,0,40502,1148
超市便利店,超市,,成都,,1159,20,,601,0,9018,359
超市便利店,便利店,,深圳,,991,2,,602,1,17014,50
超市便利店,便利店,,杭州,,865,3,,603,1,11185,182
美食,快餐,中式快餐,上海,0.0,168,15,0.0,604,0,9235,184
超市便利店,超市,,孝感,,1022,17,,605,1,19073,3319
超市便利店,超市,,哈尔滨,,350,18,,606,1,45918,5946
美食,休闲食品,生鲜水果,杭州,2.0,835,10,2.0,607,0,25875,780
超市便利店,超市,,金华,0.0,3,17,4.0,608,0,37929,782
超市便利店,超市,,无锡,,586,14,,609,0,8966,70
美食,快餐,西式快餐,郑州,7.0,957,12,3.0,610,2,37830,2923
超市便利店,超市,,广州,,242,11,,611,0,15986,601
美食,休闲食品,其它休闲食品,杭州,1.0,850,4,3.0,612,0,7236,401
超市便利店,超市,,佛山,0.0,648,17,3.0,613,0,66199,2602
美食,快餐,中式快餐,上海,5.0,948,8,3.0,614,2,57130,9220
美食,快餐,西式快餐,常州,4.0,1079,13,3.0,615,2,18097,4761
美食,中餐,粤菜,深圳,3.0,194,19,2.0,616,0,17443,9975
美食,休闲茶饮,奶茶,厦门,1.0,1107,2,4.0,617,0,25298,334
超市便利店,便利店,,上海,0.0,554,2,4.0,618,1,37171,746
美食,烧烤,中式烧烤,深圳,5.0,966,20,0.0,619,2,23406,9331
美食,烘焙糕点,蛋糕,上海,2.0,662,4,3.0,620,0,40343,1162
美食,快餐,中式快餐,广州,1.0,928,3,0.0,621,0,13335,276
美食,快餐,西式快餐,阜阳,5.0,951,14,2.0,622,2,27355,5557
美食,快餐,中式快餐,北京,3.0,51,16,3.0,623,0,17922,1586
超市便利店,超市,,南京,,73,17,,624,1,43951,1059
超市便利店,超市,,重庆,,419,17,,625,1,33271,2213
超市便利店,超市,,南京,,859,3,,626,0,6923,237
超市便利店,便利店,,北京,,199,5,,627,1,41068,127
美食,快餐,西式快餐,北京,8.0,601,9,3.0,628,2,50041,2605
美食,休闲茶饮,饮品/甜点,上海,4.0,846,10,3.0,629,2,44178,2152
超市便利店,超市,,江门,,894,17,,630,0,18363,983
超市便利店,便利店,,杭州,0.0,884,3,3.0,631,1,43514,248
美食,休闲食品,生鲜水果,南昌,1.0,964,2,4.0,632,0,28289,531
美食,快餐,中式快餐,南京,1.0,401,7,1.0,633,0,5129,421
超市便利店,超市,,上海,0.0,643,10,0.0,634,0,14320,325
美食,休闲茶饮,饮品/甜点,武汉,1.0,1018,1,3.0,635,0,7337,163
美食,小吃,面点,常州,2.0,31,1,4.0,636,0,22250,483
超市便利店,超市,,武汉,0.0,259,8,4.0,637,1,56055,1066
美食,休闲茶饮,饮品/甜点,深圳,9.0,862,15,4.0,638,0,69042,3982
美食,休闲茶饮,饮品/甜点,常州,5.0,321,9,3.0,639,2,41679,2299
美食,小吃,其它小吃,北京,3.0,113,17,4.0,640,0,22164,2660
超市便利店,便利店,,珠海,,28,5,,641,1,6272,199
美食,小吃,其它小吃,杭州,3.0,1093,4,2.0,642,0,18209,551
超市便利店,便利店,,温州,0.0,61,5,4.0,643,1,26872,708
美食,小吃,其它小吃,广州,1.0,36,7,3.0,644,0,6735,833
超市便利店,便利店,,广州,0.0,552,2,1.0,645,1,30659,554
美食,休闲食品,生鲜水果,南京,1.0,175,3,4.0,646,0,7253,295
超市便利店,超市,,达州,,518,19,,647,1,44721,21288
美食,休闲食品,其它休闲食品,南京,2.0,680,8,3.0,648,0,22605,323
超市便利店,便利店,,杭州,0.0,110,3,4.0,649,1,34854,455
超市便利店,超市,,广州,0.0,911,18,3.0,650,1,176365,3673
美食,快餐,中式快餐,杭州,5.0,280,3,2.0,651,0,75574,1116
超市便利店,超市,,杭州,0.0,850,19,4.0,652,1,53001,3985
超市便利店,便利店,,温州,0.0,722,5,4.0,653,1,29634,466
美食,休闲食品,生鲜水果,郑州,1.0,829,2,2.0,654,0,19227,1571
超市便利店,便利店,,佛山,0.0,304,4,4.0,655,0,17526,955
美食,休闲茶饮,奶茶,杭州,4.0,897,1,4.0,656,0,28092,445
美食,快餐,西式快餐,昆明,3.0,1152,10,3.0,657,2,18791,1908
美食,小吃,其它小吃,上海,3.0,1032,7,3.0,658,0,44256,644
美食,快餐,中式快餐,深圳,3.0,195,7,2.0,659,2,22705,2748
美食,休闲食品,生鲜水果,上海,3.0,1113,14,4.0,660,2,32631,558
美食,火锅,其它火锅,北京,3.0,479,18,3.0,661,2,14211,3212
美食,小吃,面点,杭州,2.0,815,5,3.0,662,0,22057,826
美食,休闲茶饮,奶茶,上海,3.0,709,4,3.0,663,2,33555,634
美食,快餐,西式快餐,哈尔滨,6.0,397,15,3.0,664,2,34161,4485
美食,中餐,江浙菜,杭州,2.0,1093,20,1.0,665,1,23380,9248
美食,快餐,西式快餐,成都,3.0,816,15,2.0,666,1,21694,1901
美食,快餐,中式快餐,杭州,5.0,287,11,1.0,667,0,68868,1564
美食,快餐,西式快餐,杭州,10.0,283,16,1.0,668,2,74767,2771
美食,小吃,米粉/米线,佛山,2.0,1143,7,2.0,669,0,15747,2698
美食,快餐,西式快餐,苏州,9.0,306,12,3.0,670,2,68009,2794
超市便利店,超市,,成都,0.0,446,19,4.0,671,1,86672,12547
美食,烘焙糕点,蛋糕,杭州,2.0,523,16,3.0,672,0,24062,1141
超市便利店,超市,,十堰,,565,17,,673,1,21474,2038
美食,快餐,中式快餐,深圳,3.0,165,2,0.0,674,0,38410,1879
美食,快餐,西式快餐,梧州,6.0,164,4,3.0,675,2,26525,23830
美食,快餐,西式快餐,上海,7.0,414,13,3.0,676,2,52048,5844
美食,烘焙糕点,面包,深圳,2.0,1109,8,2.0,677,1,22434,1701
超市便利店,便利店,,广州,0.0,47,2,4.0,678,1,28036,362
超市便利店,超市,,温州,,1006,17,,679,1,174151,11219
美食,中餐,台湾菜,厦门,0.0,21,2,2.0,680,0,14826,669
美食,快餐,西式快餐,福州,5.0,765,15,2.0,681,2,28806,5705
超市便利店,超市,,常州,0.0,121,19,2.0,682,1,18239,1388
美食,中餐,闽菜,广州,2.0,552,20,1.0,683,0,6807,3086
美食,快餐,西式快餐,沈阳,4.0,598,7,4.0,684,2,21399,4210
超市便利店,超市,,北京,,403,12,,685,0,29507,1210
美食,休闲茶饮,饮品/甜点,上海,5.0,519,9,3.0,686,2,52535,1837
超市便利店,超市,,黄石,0.0,316,17,4.0,687,1,27027,5363
超市便利店,便利店,,广州,,792,2,,688,1,12513,306
美食,快餐,中式快餐,上海,4.0,417,18,2.0,689,2,25165,1301
超市便利店,超市,,上海,,293,18,,690,1,26065,1016
超市便利店,超市,,北京,,717,18,,691,1,24006,844
美食,快餐,西式快餐,日照,10.0,103,13,3.0,692,2,55628,6501
美食,中餐,湘菜,武汉,0.0,557,5,2.0,693,0,8952,176
美食,快餐,中式快餐,上海,1.0,924,11,1.0,694,0,11433,100
美食,中餐,西北菜,杭州,9.0,264,20,3.0,695,2,55090,9170
超市便利店,便利店,,上海,,839,6,,696,0,9219,198
美食,快餐,西式快餐,南京,1.0,52,2,4.0,697,0,16853,648
超市便利店,超市,,上海,,266,8,,698,0,5977,121
美食,快餐,中式快餐,上海,1.0,906,5,1.0,699,0,18282,234
美食,烘焙糕点,蛋糕,南京,1.0,739,1,4.0,700,0,8537,119
美食,快餐,中式快餐,南京,1.0,469,10,1.0,701,0,16601,695
美食,快餐,西式快餐,杭州,5.0,250,11,3.0,702,1,35958,2127
美食,快餐,中式快餐,大连,3.0,495,3,3.0,703,0,23691,206
美食,休闲茶饮,饮品/甜点,成都,8.0,641,6,4.0,704,2,46604,1214
美食,其他美食,西餐,杭州,3.0,740,20,3.0,705,2,18832,3434
美食,快餐,中式快餐,杭州,0.0,927,14,2.0,706,0,4495,771
美食,火锅,麻辣烫/串串香,深圳,1.0,991,11,0.0,707,0,12720,266
美食,快餐,西式快餐,深圳,7.0,281,10,2.0,708,2,38548,1978
美食,小吃,面点,上海,3.0,921,17,2.0,709,1,25143,1415
美食,快餐,西式快餐,深圳,8.0,991,11,3.0,710,2,40259,3340
美食,快餐,中式快餐,台州,1.0,926,15,3.0,711,0,13728,1600
超市便利店,超市,,厦门,0.0,716,20,4.0,712,1,7938,2415
美食,快餐,中式快餐,上海,4.0,420,10,2.0,713,2,51793,2850
超市便利店,超市,,合肥,,1044,20,,714,1,14946,3879
美食,快餐,西式快餐,南京,19.0,149,13,3.0,715,2,105176,7885
美食,快餐,中式快餐,南京,2.0,680,11,2.0,716,2,27617,901
美食,休闲茶饮,奶茶,南京,3.0,434,4,3.0,717,0,23864,979
美食,休闲食品,生鲜水果,合肥,1.0,374,3,2.0,718,0,14348,433
超市便利店,超市,,武汉,0.0,298,18,4.0,719,1,46844,1651
超市便利店,便利店,,广州,0.0,335,2,3.0,720,1,39058,520
美食,休闲食品,其它休闲食品,南昌,1.0,179,1,2.0,721,0,22874,486
美食,小吃,面点,杭州,3.0,378,8,3.0,722,0,35846,450
美食,休闲茶饮,饮品/甜点,上海,4.0,554,8,3.0,723,0,53204,415
美食,快餐,西式快餐,惠州,3.0,1074,11,3.0,724,2,13189,9082
美食,休闲茶饮,饮品/甜点,金华,2.0,3,11,4.0,725,2,12243,2355
美食,烘焙糕点,蛋糕,天津,6.0,992,9,4.0,726,2,28187,1755
美食,烧烤,中式烧烤,深圳,6.0,531,20,0.0,727,2,28971,6580
超市便利店,超市,,深圳,,233,17,,728,0,42163,1385
美食,快餐,西式快餐,扬州,15.0,806,13,3.0,729,2,110054,8598
超市便利店,超市,,东莞,0.0,1031,18,1.0,730,0,100731,5258
超市便利店,便利店,,广州,0.0,710,1,0.0,731,1,261765,1791
美食,休闲茶饮,奶茶,温州,2.0,1129,6,3.0,732,1,14113,1172
美食,休闲食品,其它休闲食品,福州,1.0,425,1,3.0,733,0,22475,237
美食,快餐,西式快餐,北京,6.0,968,15,3.0,734,2,45386,5897
美食,小吃,米粉/米线,南宁,1.0,1137,5,3.0,735,0,5015,912
超市便利店,超市,,上海,0.0,218,17,4.0,736,1,30846,308
美食,快餐,西式快餐,广州,17.0,132,9,2.0,737,2,96280,14854
美食,烘焙糕点,蛋糕,温州,4.0,80,12,3.0,738,0,38797,2132
超市便利店,超市,,南宁,0.0,1137,19,4.0,739,1,21146,1231
美食,快餐,西式快餐,杭州,4.0,871,17,3.0,740,2,29743,1634
超市便利店,超市,,南京,0.0,1126,19,4.0,741,1,23541,829
美食,烘焙糕点,蛋糕,上海,4.0,417,4,3.0,742,0,57487,1618
超市便利店,便利店,,北京,0.0,430,4,4.0,743,0,22830,363
美食,快餐,西式快餐,徐州,5.0,373,9,3.0,744,2,29497,5282
美食,小吃,面点,上海,1.0,679,5,1.0,745,0,7267,308
美食,快餐,西式快餐,广州,5.0,235,9,3.0,746,2,22783,12266
超市便利店,超市,,苏州,,790,18,,747,1,130855,8662
美食,休闲茶饮,奶茶,长沙,5.0,511,8,4.0,748,0,23199,947
超市便利店,便利店,,合肥,,1021,5,,749,0,12172,125
美食,快餐,西式快餐,宁波,9.0,891,13,3.0,750,2,63700,5488
美食,休闲茶饮,奶茶,南京,1.0,107,2,4.0,751,0,17788,724
美食,休闲茶饮,奶茶,深圳,2.0,991,15,4.0,752,0,10022,1950
美食,快餐,西式快餐,济南,4.0,767,11,3.0,753,2,24838,1947
美食,休闲食品,生鲜水果,杭州,0.0,827,2,4.0,754,0,8870,106
超市便利店,超市,,南平,,140,18,,755,1,17186,4891
美食,烘焙糕点,蛋糕,杭州,3.0,760,9,3.0,756,2,35103,4303
超市便利店,超市,,重庆,,997,18,,757,1,54162,4854
超市便利店,便利店,,杭州,,749,4,,758,1,10945,226
美食,休闲茶饮,奶茶,上海,2.0,882,5,4.0,759,0,13984,342
美食,休闲茶饮,饮品/甜点,武汉,4.0,259,1,3.0,760,0,26947,397
美食,快餐,中式快餐,深圳,1.0,194,14,0.0,761,0,9128,858
超市便利店,超市,,石家庄,,333,19,,762,0,43651,1895
美食,小吃,熟食,绍兴,3.0,167,3,3.0,763,0,28609,1178
美食,烘焙糕点,面包,绍兴,1.0,167,9,3.0,764,1,21363,1069
美食,休闲茶饮,饮品/甜点,上海,3.0,255,7,3.0,765,2,35073,1135
超市便利店,超市,,重庆,,472,19,,766,0,6024,904
美食,快餐,西式快餐,汕尾,5.0,467,13,3.0,767,2,24369,11217
美食,休闲食品,零食,金华,1.0,53,5,4.0,768,0,11447,334
美食,快餐,西式快餐,杭州,3.0,834,11,2.0,769,2,30875,4684
美食,休闲茶饮,饮品/甜点,杭州,2.0,349,7,3.0,770,1,13045,356
美食,快餐,西式快餐,南宁,4.0,336,6,3.0,771,2,22317,8145
美食,烘焙糕点,面包,天津,5.0,625,15,4.0,772,2,39934,3399
美食,快餐,西式快餐,南京,11.0,919,13,3.0,773,2,68289,7320
超市便利店,超市,,天门,,313,19,,774,1,69955,9470
美食,快餐,西式快餐,北京,11.0,713,10,3.0,775,2,65290,4178
超市便利店,超市,,重庆,,1148,18,,776,1,76269,4528
美食,快餐,中式快餐,杭州,2.0,1094,6,0.0,777,0,41995,977
美食,小吃,其它小吃,上海,1.0,937,11,2.0,778,0,8081,304
美食,休闲茶饮,奶茶,宁波,2.0,252,1,3.0,779,0,21235,779
超市便利店,便利店,,温州,0.0,505,5,4.0,780,1,31230,908
美食,快餐,西式快餐,扬州,13.0,1000,13,3.0,781,2,76776,9569
美食,快餐,西式快餐,清远,3.0,97,10,3.0,782,2,15767,8443
美食,快餐,中式快餐,济南,1.0,934,7,3.0,783,0,8844,305
美食,快餐,西式快餐,株洲,6.0,308,15,2.0,784,2,32458,5759
超市便利店,便利店,,常州,0.0,121,5,4.0,785,1,20710,545
美食,快餐,西式快餐,济宁,4.0,463,15,4.0,786,2,24830,3455
超市便利店,超市,,重庆,,243,19,,787,1,35127,6833
美食,快餐,中式快餐,北京,5.0,614,1,3.0,788,1,55055,1188
美食,快餐,西式快餐,上海,6.0,1032,11,3.0,789,1,51745,4635
美食,小吃,面点,杭州,1.0,287,6,3.0,790,1,7586,507
美食,快餐,西式快餐,成都,8.0,208,12,3.0,791,2,36812,3276
超市便利店,便利店,,上海,0.0,168,3,4.0,792,1,46129,254
超市便利店,超市,,德阳,,1112,20,,793,0,5632,580
美食,快餐,中式快餐,武汉,0.0,737,2,0.0,794,0,9709,145
美食,中餐,粤菜,上海,1.0,1127,15,2.0,795,0,21795,95
美食,休闲茶饮,奶茶,广州,2.0,36,9,3.0,796,0,8815,422
美食,快餐,西式快餐,铜陵,7.0,454,14,3.0,797,2,55512,6327
美食,快餐,中式快餐,北京,2.0,402,10,2.0,798,0,22924,1109
美食,火锅,川味/重庆火锅,苏州,6.0,790,20,4.0,799,2,22765,47991
美食,休闲茶饮,奶茶,上海,5.0,545,6,4.0,800,0,49107,555
美食,休闲茶饮,奶茶,武汉,1.0,278,3,3.0,801,0,12599,624
美食,其他美食,西餐,厦门,4.0,620,19,0.0,802,2,19413,3523
美食,小吃,其它小吃,武汉,0.0,117,1,2.0,803,0,14819,174
美食,小吃,其它小吃,北京,2.0,564,17,4.0,804,0,10313,2677
超市便利店,便利店,,北京,0.0,331,5,0.0,805,0,36562,391
超市便利店,超市,,上海,,453,18,,806,1,135844,2484
美食,快餐,西式快餐,佛山,3.0,648,9,2.0,807,2,21781,6983
美食,快餐,西式快餐,武汉,18.0,524,13,1.0,808,2,107069,7568
超市便利店,超市,,北京,,977,15,,809,0,5441,99
美食,快餐,中式快餐,北京,1.0,42,9,2.0,810,0,17727,368
美食,中餐,粤菜,上海,1.0,1032,20,2.0,811,0,17497,1783
美食,快餐,中式快餐,杭州,3.0,378,1,3.0,812,0,30304,463
美食,休闲茶饮,饮品/甜点,北京,4.0,580,9,4.0,813,2,24948,1868
超市便利店,便利店,,杭州,0.0,56,5,3.0,814,1,43323,1156
超市便利店,超市,,太原,0.0,674,17,2.0,815,0,19758,1572
超市便利店,超市,,合肥,,370,18,,816,1,85640,9007
美食,烘焙糕点,蛋糕,上海,3.0,157,6,3.0,817,0,32022,1424
美食,烧烤,中式烧烤,上海,1.0,937,10,3.0,818,0,10735,170
美食,烧烤,其它烧烤,北京,2.0,652,19,3.0,819,0,10669,1646
超市便利店,超市,,武汉,,979,17,,820,1,58155,1410
超市便利店,超市,,上海,,415,15,,821,0,25233,226
美食,其他美食,西餐,杭州,1.0,688,20,3.0,822,0,14958,1855
超市便利店,超市,,武汉,0.0,198,12,1.0,823,1,28700,658
美食,快餐,中式快餐,上海,1.0,1065,18,3.0,824,0,20819,1280
超市便利店,超市,,武汉,,1115,15,,825,0,33411,548
美食,快餐,西式快餐,北京,2.0,1037,8,3.0,826,0,25806,1010
超市便利店,便利店,,北京,,506,5,,827,0,8335,159
美食,快餐,中式快餐,南京,3.0,680,7,2.0,828,2,30097,1805
美食,休闲食品,生鲜水果,杭州,9.0,521,7,2.0,829,0,105067,1114
美食,快餐,西式快餐,哈尔滨,6.0,369,13,3.0,830,2,40594,2311
美食,休闲茶饮,奶茶,南京,6.0,399,7,4.0,831,0,37172,1152
超市便利店,便利店,,武汉,,70,5,,832,0,6513,115
美食,休闲食品,零食,温州,1.0,61,16,2.0,833,2,17662,699
美食,其他美食,日韩料理,上海,3.0,898,18,3.0,834,0,23943,1323
美食,烘焙糕点,其它烘焙糕点,南京,0.0,1126,3,3.0,835,0,7084,304
超市便利店,超市,,漳州,,1041,18,,836,1,29433,4716
美食,中餐,川菜,成都,1.0,732,9,1.0,837,0,8204,150
超市便利店,超市,,南京,,399,5,,838,0,20540,90
超市便利店,超市,,黄冈,0.0,705,18,4.0,839,1,27040,10656
美食,快餐,西式快餐,武汉,6.0,812,12,2.0,840,2,50692,3926
美食,休闲食品,生鲜水果,上海,2.0,679,12,4.0,841,2,29317,495
美食,快餐,西式快餐,上海,1.0,542,15,2.0,842,1,5163,2513
超市便利店,超市,,东莞,0.0,90,19,1.0,843,1,20778,3220
美食,其他美食,西餐,武汉,6.0,653,19,2.0,844,1,33952,12659
超市便利店,超市,,武汉,0.0,198,8,2.0,845,1,18660,611
超市便利店,超市,,泉州,0.0,691,17,4.0,846,1,23123,1920
美食,休闲茶饮,奶茶,杭州,3.0,523,11,3.0,847,0,21015,588
美食,快餐,西式快餐,深圳,11.0,862,9,3.0,848,2,59375,2892
美食,小吃,其它小吃,杭州,2.0,250,4,2.0,849,0,22242,216
美食,快餐,西式快餐,杭州,20.0,40,15,1.0,850,2,134498,3178
超市便利店,超市,,珠海,,119,15,,851,0,5943,348
美食,其他美食,西餐,武汉,11.0,605,20,2.0,852,1,58698,22772
美食,快餐,西式快餐,郑州,8.0,957,13,3.0,853,2,43996,3975
超市便利店,超市,,杭州,1.0,621,19,3.0,854,1,169266,7527
美食,其他美食,西餐,北京,1.0,199,19,3.0,855,1,16807,2161
超市便利店,便利店,,广州,,787,3,,856,1,7472,276
美食,火锅,其它火锅,温州,1.0,693,20,2.0,857,0,6505,3393
美食,小吃,其它小吃,上海,1.0,639,9,2.0,858,0,8887,232
美食,休闲食品,生鲜水果,上海,2.0,1033,9,2.0,859,0,25808,350
超市便利店,超市,,苏州,,922,17,,860,0,71209,809
美食,烘焙糕点,蛋糕,杭州,3.0,520,14,3.0,861,2,36579,3222
美食,休闲茶饮,饮品/甜点,上海,8.0,907,7,3.0,862,2,73989,1885
美食,休闲食品,生鲜水果,杭州,0.0,850,7,3.0,863,0,9507,283
超市便利店,超市,,南京,0.0,526,9,2.0,864,1,143922,3433
超市便利店,超市,,常州,,385,18,,865,1,69726,3030
超市便利店,便利店,,南京,0.0,450,2,4.0,866,1,74607,364
美食,快餐,中式快餐,北京,3.0,86,6,2.0,867,2,22047,1119
美食,小吃,米粉/米线,苏州,3.0,933,9,3.0,868,0,48171,1917
超市便利店,超市,,湖州,,899,20,,869,0,52674,2457
美食,休闲食品,生鲜水果,苏州,7.0,312,16,3.0,870,0,55253,1325
美食,快餐,中式快餐,舟山,2.0,628,10,2.0,871,2,12550,2517
美食,快餐,中式快餐,武汉,2.0,606,2,1.0,872,0,19570,436
美食,快餐,中式快餐,上海,1.0,358,11,4.0,873,0,29601,1364
超市便利店,便利店,,北京,,113,6,,874,1,28747,78
超市便利店,便利店,,广州,0.0,57,2,3.0,875,0,28135,424
美食,烘焙糕点,蛋糕,福州,2.0,851,2,3.0,876,0,55553,885
美食,快餐,西式快餐,武汉,17.0,1145,11,3.0,877,2,84485,6892
超市便利店,超市,,武汉,0.0,198,11,0.0,878,1,17196,388
美食,小吃,面点,深圳,2.0,305,12,0.0,879,0,18499,853
超市便利店,超市,,上海,0.0,417,18,4.0,880,1,17101,961
美食,休闲茶饮,饮品/甜点,上海,4.0,185,9,3.0,881,2,52796,1838
美食,休闲食品,零食,淮安,2.0,1118,16,3.0,882,0,16866,1025
美食,烘焙糕点,蛋糕,上海,1.0,497,5,3.0,883,0,17946,810
美食,快餐,中式快餐,杭州,2.0,181,6,0.0,884,0,16488,471
美食,火锅,川味/重庆火锅,武汉,9.0,65,20,4.0,885,2,26830,33539
美食,快餐,中式快餐,杭州,3.0,523,7,3.0,886,0,20529,1057
美食,其他美食,西餐,武汉,6.0,435,20,1.0,887,2,32536,21147
美食,小吃,面点,成都,1.0,637,9,1.0,888,0,22071,276
超市便利店,超市,,无锡,0.0,428,18,3.0,889,1,42763,5184
美食,快餐,西式快餐,湛江,4.0,994,11,3.0,890,2,22040,3859
美食,快餐,西式快餐,杭州,20.0,264,9,3.0,891,2,188615,13916
美食,快餐,中式快餐,嘉兴,1.0,183,7,1.0,892,0,23516,1458
美食,快餐,西式快餐,三亚,5.0,404,16,2.0,893,2,23933,1634
超市便利店,超市,,惠州,,546,19,,894,1,35514,7736
美食,快餐,中式快餐,上海,1.0,924,16,3.0,895,0,29233,802
超市便利店,便利店,,温州,0.0,585,5,3.0,896,1,25862,320
美食,快餐,西式快餐,杭州,20.0,941,14,3.0,897,2,168111,8990
美食,快餐,中式快餐,深圳,2.0,79,6,2.0,898,2,21213,3729
超市便利店,超市,,北京,,294,17,,899,0,12651,211
超市便利店,超市,,福州,,1075,17,,900,1,156104,2727
超市便利店,超市,,北京,,512,4,,901,0,16999,342
美食,休闲茶饮,饮品/甜点,成都,4.0,816,7,3.0,902,2,27279,777
美食,烘焙糕点,蛋糕,北京,1.0,836,11,4.0,903,2,20113,1341
美食,其他美食,日韩料理,南京,3.0,633,20,3.0,904,0,12534,3355
超市便利店,超市,,上海,,791,15,,905,0,13196,548
超市便利店,超市,,合肥,,551,9,,906,0,7206,860
美食,休闲茶饮,饮品/甜点,青岛,4.0,645,5,4.0,907,1,26507,605
超市便利店,便利店,,南京,0.0,623,8,4.0,908,1,22046,329
美食,快餐,西式快餐,南京,8.0,434,13,3.0,909,2,49142,3241
美食,休闲茶饮,奶茶,上海,6.0,1032,6,4.0,910,0,60959,602
美食,快餐,西式快餐,南昌,6.0,1144,12,2.0,911,2,27769,3436
美食,小吃,其它小吃,西安,2.0,942,5,2.0,912,0,26018,612
美食,休闲茶饮,奶茶,广州,3.0,552,8,3.0,913,0,33854,704
美食,快餐,中式快餐,杭州,1.0,954,17,3.0,914,0,6409,1077
超市便利店,超市,,嘉兴,0.0,513,18,2.0,915,1,30754,4738
美食,快餐,西式快餐,武汉,10.0,653,6,3.0,916,2,70500,9981
超市便利店,便利店,,上海,0.0,39,3,4.0,917,1,18227,152
美食,小吃,面点,武汉,2.0,605,8,2.0,918,0,9073,806
美食,其他美食,日韩料理,上海,1.0,554,19,0.0,919,0,9023,707
美食,休闲茶饮,饮品/甜点,上海,1.0,642,8,4.0,920,0,8301,140
美食,快餐,中式快餐,漳州,1.0,307,2,1.0,921,0,19463,866
美食,小吃,其它小吃,苏州,3.0,196,16,3.0,922,0,23091,1324
美食,休闲茶饮,饮品/甜点,厦门,1.0,1103,9,3.0,923,0,15673,650
美食,快餐,中式快餐,武汉,0.0,117,2,0.0,924,0,9383,153
美食,快餐,中式快餐,北京,1.0,996,4,3.0,925,0,11427,733
美食,快餐,西式快餐,青岛,7.0,677,14,3.0,926,2,42115,3021
美食,中餐,川菜,武汉,2.0,905,10,3.0,927,2,22812,1967
美食,快餐,中式快餐,深圳,3.0,49,7,1.0,928,2,21205,7465
美食,快餐,西式快餐,威海,5.0,108,14,3.0,929,2,27716,3678
美食,火锅,麻辣烫/串串香,武汉,0.0,903,2,2.0,930,0,6465,248
美食,休闲食品,生鲜水果,北京,2.0,375,8,3.0,931,0,46312,942
美食,快餐,中式快餐,杭州,3.0,286,9,2.0,932,1,22865,674
美食,烘焙糕点,蛋糕,杭州,2.0,264,5,3.0,933,1,32322,558
超市便利店,超市,,杭州,1.0,286,18,3.0,934,1,252281,6319
美食,快餐,中式快餐,北京,3.0,512,8,2.0,935,2,20713,2281
美食,烧烤,中式烧烤,上海,1.0,1023,20,2.0,936,2,7285,3420
美食,烘焙糕点,其它烘焙糕点,成都,5.0,816,12,3.0,937,0,30997,1008
超市便利店,超市,,无锡,,217,12,,938,0,8881,155
美食,烘焙糕点,其它烘焙糕点,杭州,1.0,815,3,3.0,939,0,29530,241
超市便利店,超市,,上海,,642,14,,940,0,9622,116
超市便利店,超市,,石家庄,,857,17,,941,0,17047,1854
美食,烘焙糕点,面包,长沙,1.0,193,7,3.0,942,0,9537,541
美食,小吃,其它小吃,苏州,3.0,902,6,2.0,943,0,28418,1186
美食,烘焙糕点,其它烘焙糕点,合肥,1.0,337,9,3.0,944,2,6038,3110
美食,快餐,中式快餐,郑州,2.0,960,10,0.0,945,0,10301,1199
超市便利店,超市,,南京,,433,17,,946,1,36389,1052
超市便利店,便利店,,广州,0.0,552,3,0.0,947,1,24251,300
美食,小吃,其它小吃,北京,1.0,1108,5,3.0,948,0,9343,576
美食,小吃,米粉/米线,青岛,2.0,206,16,3.0,949,0,13365,1071
超市便利店,超市,,杭州,,1091,10,,950,0,21520,264
美食,小吃,面点,上海,2.0,554,4,2.0,951,0,52733,421
美食,烘焙糕点,其它烘焙糕点,大连,1.0,495,11,3.0,952,0,14624,1000
美食,小吃,面点,上海,3.0,507,15,4.0,953,0,39853,804
美食,小吃,其它小吃,绍兴,1.0,219,2,4.0,954,0,22841,5685
超市便利店,超市,,广州,,624,18,,955,0,9292,1514
美食,休闲食品,其它休闲食品,宁波,1.0,245,17,3.0,956,0,13252,258
超市便利店,超市,,成都,,441,16,,957,1,29512,2609
美食,火锅,其它火锅,深圳,2.0,562,3,0.0,958,0,25602,1027
美食,休闲食品,零食,杭州,4.0,521,5,2.0,959,0,41752,578
美食,小吃,面点,南京,1.0,284,1,3.0,960,0,15085,593
美食,快餐,西式快餐,北京,14.0,610,10,3.0,961,2,105228,3722
美食,休闲食品,零食,嘉兴,3.0,395,17,3.0,962,0,28907,1234
美食,快餐,中式快餐,上海,1.0,1127,16,1.0,963,0,8671,912
美食,小吃,其它小吃,南京,5.0,469,9,2.0,964,0,49178,1647
美食,休闲食品,生鲜水果,广州,2.0,173,15,2.0,965,2,32041,2232
美食,小吃,面点,苏州,2.0,933,3,3.0,966,0,23527,649
美食,小吃,面点,南京,2.0,680,5,2.0,967,0,27152,643
超市便利店,便利店,,杭州,0.0,749,5,4.0,968,1,31765,400
美食,中餐,江浙菜,温州,3.0,1129,20,1.0,969,2,16208,11310
超市便利店,便利店,,北京,,1130,6,,970,1,15671,45
超市便利店,超市,,武汉,0.0,737,14,4.0,971,1,35048,985
美食,快餐,西式快餐,金华,14.0,1158,14,3.0,972,2,87693,4040
超市便利店,超市,,合肥,,599,16,,973,0,26220,369
美食,小吃,熟食,武汉,0.0,608,1,3.0,974,0,7024,359
美食,快餐,西式快餐,广州,5.0,36,11,2.0,975,2,27257,2612
超市便利店,便利店,,广州,0.0,944,4,4.0,976,0,20287,544
美食,快餐,中式快餐,广州,3.0,746,6,1.0,977,0,24881,1535
超市便利店,便利店,,温州,0.0,822,3,4.0,978,1,35195,836
超市便利店,超市,,苏州,0.0,431,17,0.0,979,1,34119,2724
美食,快餐,西式快餐,长沙,4.0,646,9,3.0,980,2,22990,4220
美食,中餐,川菜,武汉,2.0,524,11,2.0,981,2,20640,1430
美食,快餐,中式快餐,上海,2.0,420,17,2.0,982,1,25268,1413
美食,休闲食品,生鲜水果,北京,1.0,222,5,1.0,983,0,10665,577
美食,休闲茶饮,饮品/甜点,天津,8.0,728,9,4.0,984,2,38122,3460
超市便利店,便利店,,北京,,77,7,,985,1,42833,100
超市便利店,超市,,株洲,0.0,78,6,4.0,986,0,9557,423
美食,汤/粥/煲/砂锅/炖菜,粥,上海,1.0,1032,18,3.0,987,0,10323,350
超市便利店,超市,,上海,0.0,413,19,4.0,988,1,97392,6359
美食,小吃,面点,杭州,2.0,1120,15,3.0,989,0,33389,633
美食,快餐,西式快餐,苏州,9.0,400,10,3.0,990,2,61687,2179
超市便利店,便利店,,荆门,,33,17,,991,0,12737,885
美食,快餐,中式快餐,武汉,2.0,510,5,2.0,992,0,12624,645
美食,小吃,其它小吃,上海,1.0,417,9,2.0,993,0,7071,524
美食,休闲茶饮,奶茶,嘉兴,1.0,938,11,3.0,994,1,10425,988
超市便利店,超市,,温州,,481,16,,995,0,18841,995
美食,休闲食品,生鲜水果,北京,3.0,601,9,2.0,996,0,27395,961
美食,小吃,米粉/米线,绍兴,2.0,219,2,3.0,997,0,34232,6941
超市便利店,超市,,东莞,0.0,858,16,1.0,998,0,57077,1513
美食,快餐,西式快餐,深圳,9.0,991,7,3.0,999,2,65217,6541
美食,中餐,川菜,广州,4.0,552,20,1.0,1000,2,24751,9269
美食,中餐,江浙菜,合肥,1.0,838,20,0.0,1001,0,9066,3003
美食,休闲茶饮,冰激凌,北京,1.0,113,10,3.0,1002,0,10659,328
美食,中餐,其它地方菜,杭州,0.0,264,18,2.0,1003,0,6335,481
美食,休闲食品,其它休闲食品,广州,1.0,590,3,2.0,1004,0,25382,281
美食,小吃,面点,杭州,0.0,485,1,4.0,1005,0,13671,275
超市便利店,超市,,襄阳,0.0,875,18,4.0,1006,1,22314,4927
超市便利店,超市,,南京,,644,9,,1007,0,13687,289
美食,火锅,麻辣烫/串串香,成都,2.0,637,20,2.0,1008,0,6163,3741
美食,休闲茶饮,饮品/甜点,杭州,2.0,850,3,3.0,1009,1,20010,685
美食,小吃,其它小吃,北京,1.0,517,6,4.0,1010,0,4321,290
超市便利店,便利店,,广州,0.0,36,2,4.0,1011,0,28530,311
美食,快餐,中式快餐,苏州,1.0,933,7,3.0,1012,0,16051,387
超市便利店,便利店,,北京,0.0,388,2,3.0,1013,0,32876,182
美食,快餐,中式快餐,南京,1.0,715,11,1.0,1014,0,7882,719
美食,休闲食品,生鲜水果,温州,0.0,442,11,3.0,1015,0,11210,292
美食,休闲食品,生鲜水果,宁波,0.0,786,19,3.0,1016,0,10690,475
超市便利店,超市,,邢台,,1077,18,,1017,1,46966,15694
超市便利店,超市,,深圳,0.0,1109,18,2.0,1018,1,122714,3474
美食,快餐,中式快餐,舟山,3.0,169,9,2.0,1019,2,17127,3091
超市便利店,便利店,,石家庄,0.0,873,3,3.0,1020,1,22217,116
超市便利店,超市,,无锡,,1064,9,,1021,0,15823,148
超市便利店,便利店,,苏州,0.0,389,3,0.0,1022,1,25209,210
美食,快餐,西式快餐,葫芦岛,4.0,282,14,3.0,1023,2,25578,2499
超市便利店,便利店,,青岛,0.0,458,4,4.0,1024,1,23248,163
超市便利店,超市,,常州,,121,20,,1025,1,13878,4143
美食,休闲食品,其它休闲食品,广州,3.0,156,17,2.0,1026,0,11944,3321
美食,快餐,中式快餐,武汉,3.0,945,11,3.0,1027,0,19052,1682
超市便利店,便利店,,深圳,0.0,531,2,4.0,1028,1,21988,61
美食,小吃,面点,杭州,2.0,181,9,3.0,1029,0,20830,643
美食,烘焙糕点,面包,北京,3.0,1130,14,4.0,1030,2,31450,1862
美食,中餐,其它地方菜,青岛,2.0,769,19,3.0,1031,0,9360,1640
美食,休闲食品,生鲜水果,杭州,4.0,1097,14,4.0,1032,2,29791,1022
美食,快餐,西式快餐,深圳,3.0,981,13,3.0,1033,2,16510,5520
美食,快餐,西式快餐,太原,6.0,619,9,3.0,1034,2,25572,9007
美食,快餐,西式快餐,南京,12.0,673,13,3.0,1035,2,73538,4705
美食,烘焙糕点,面包,武汉,2.0,213,4,3.0,1036,0,11202,700
美食,快餐,西式快餐,深圳,5.0,596,9,3.0,1037,2,21723,6933
超市便利店,超市,,宁波,0.0,798,17,0.0,1038,0,43214,1748
超市便利店,超市,,福州,0.0,537,17,4.0,1039,1,100183,1912
美食,休闲茶饮,饮品/甜点,西安,2.0,75,7,3.0,1040,0,13444,700
超市便利店,超市,,南平,,888,18,,1041,1,51438,5514
超市便利店,超市,,宁波,,230,20,,1042,1,11415,2111
美食,快餐,西式快餐,武汉,6.0,1081,9,3.0,1043,2,41421,6522
美食,中餐,川菜,武汉,1.0,435,10,2.0,1044,2,18448,1360
超市便利店,超市,,北京,,566,13,,1045,0,18789,999
超市便利店,便利店,,青岛,,344,5,,1046,0,5448,109
美食,快餐,中式快餐,深圳,1.0,194,5,0.0,1047,0,7776,503
超市便利店,便利店,,金华,,492,6,,1048,1,7830,232
美食,快餐,西式快餐,深圳,5.0,531,7,3.0,1049,2,31008,5435
美食,休闲食品,生鲜水果,南通,1.0,127,2,3.0,1050,0,16229,318
美食,休闲食品,生鲜水果,上海,2.0,497,15,3.0,1051,2,26877,764
超市便利店,超市,,上海,,675,19,,1052,1,74237,3878
超市便利店,超市,,上海,,339,11,,1053,0,11808,228
美食,休闲茶饮,奶茶,南京,1.0,1106,2,4.0,1054,0,10550,322
美食,休闲茶饮,奶茶,南京,3.0,172,4,4.0,1055,0,23185,780
美食,休闲茶饮,奶茶,上海,4.0,709,4,3.0,1056,2,27518,620
美食,快餐,中式快餐,杭州,1.0,592,11,0.0,1057,0,8001,936
美食,休闲茶饮,冰激凌,南昌,2.0,179,1,3.0,1058,0,20699,295
美食,休闲食品,生鲜水果,苏州,2.0,220,15,2.0,1059,0,15255,519
美食,烘焙糕点,面包,广州,1.0,853,2,2.0,1060,0,20535,671
美食,快餐,西式快餐,广州,12.0,541,11,2.0,1061,2,58913,8764
美食,快餐,西式快餐,天津,6.0,992,9,4.0,1062,2,23405,3480
超市便利店,超市,,张家口,,678,19,,1063,1,5779,4638
超市便利店,便利店,,温州,0.0,158,5,4.0,1064,1,17324,235
美食,小吃,面点,武汉,1.0,435,1,3.0,1065,0,9512,503
美食,快餐,西式快餐,北京,6.0,1101,9,3.0,1066,2,39680,1781
美食,休闲食品,生鲜水果,福州,1.0,851,2,1.0,1067,0,33466,170
美食,快餐,中式快餐,上海,2.0,609,13,2.0,1068,1,21621,514
超市便利店,超市,,重庆,,579,18,,1069,1,52051,4317
超市便利店,超市,,温州,,1014,14,,1070,0,8464,663
美食,休闲食品,生鲜水果,宁波,2.0,764,2,2.0,1071,0,69926,506
超市便利店,超市,,无锡,1.0,352,2,2.0,1072,1,108684,904
美食,中餐,其它地方菜,南京,1.0,73,12,4.0,1073,0,12158,240
美食,小吃,其它小吃,上海,2.0,134,7,3.0,1074,0,29284,477
美食,快餐,中式快餐,台州,3.0,755,11,2.0,1075,1,31463,2651
美食,休闲食品,其它休闲食品,苏州,1.0,310,12,3.0,1076,0,18269,355
美食,快餐,西式快餐,长沙,2.0,26,14,3.0,1077,2,15596,3819
美食,小吃,其它小吃,福州,1.0,851,2,4.0,1078,0,14952,857
美食,快餐,西式快餐,沈阳,7.0,598,12,4.0,1079,2,36361,1845
超市便利店,超市,,南京,0.0,742,16,4.0,1080,1,17381,1418
超市便利店,便利店,,广州,0.0,488,3,3.0,1081,0,20353,561
美食,其他美食,西餐,深圳,1.0,332,19,4.0,1082,0,7585,2545
美食,休闲食品,生鲜水果,成都,3.0,232,3,3.0,1083,0,21843,564
美食,快餐,西式快餐,南通,6.0,27,14,3.0,1084,2,49968,2751
美食,快餐,西式快餐,南昌,5.0,1131,10,3.0,1085,2,36804,6565
美食,休闲食品,生鲜水果,北京,3.0,322,12,3.0,1086,0,26923,740
美食,中餐,江浙菜,北京,4.0,1038,20,3.0,1087,1,23134,5450
美食,烘焙糕点,面包,上海,1.0,725,10,3.0,1088,1,10409,1927
美食,休闲茶饮,饮品/甜点,上海,1.0,809,16,3.0,1089,2,16703,1561
超市便利店,便利店,,杭州,,383,2,,1090,1,43631,480
美食,快餐,中式快餐,济南,2.0,824,4,2.0,1091,1,17232,571
美食,快餐,西式快餐,上海,7.0,315,11,3.0,1092,2,68303,3947
美食,其他美食,其他餐饮美食,武汉,1.0,1024,5,0.0,1093,0,18774,432
美食,快餐,西式快餐,上海,7.0,466,13,3.0,1094,2,51477,5417
超市便利店,便利店,,青岛,0.0,1015,3,3.0,1095,0,27312,167
美食,快餐,中式快餐,上海,1.0,639,10,3.0,1096,0,14607,548
美食,快餐,西式快餐,东营,4.0,477,14,2.0,1097,2,26484,1992
美食,快餐,中式快餐,武汉,1.0,85,1,2.0,1098,0,26457,256
美食,中餐,西北菜,广州,2.0,155,17,2.0,1099,0,23217,2090
美食,休闲茶饮,饮品/甜点,上海,2.0,489,18,4.0,1100,0,13855,551
美食,快餐,西式快餐,苏州,6.0,745,13,3.0,1101,2,47544,4815
美食,快餐,西式快餐,广州,7.0,1076,10,3.0,1102,2,36538,11215
美食,休闲食品,零食,温州,1.0,936,2,3.0,1103,0,23677,235
超市便利店,超市,,上海,0.0,1116,19,3.0,1104,1,87518,8097
美食,小吃,熟食,杭州,2.0,250,7,3.0,1105,0,21007,1205
美食,快餐,中式快餐,成都,0.0,112,1,2.0,1106,0,13183,429
美食,休闲茶饮,奶茶,湖州,1.0,885,6,3.0,1107,0,10116,839
美食,火锅,川味/重庆火锅,南京,6.0,1126,20,4.0,1108,2,21534,21294
美食,快餐,西式快餐,北京,8.0,772,12,3.0,1109,2,57042,2511
美食,小吃,面点,杭州,3.0,286,14,3.0,1110,0,39553,503
超市便利店,便利店,,上海,0.0,697,5,3.0,1111,1,19766,344
美食,快餐,西式快餐,深圳,7.0,1028,11,2.0,1112,2,39215,2912
超市便利店,便利店,,温州,0.0,722,3,2.0,1113,1,49706,586
美食,小吃,面点,上海,1.0,943,1,4.0,1114,0,28510,629
美食,快餐,中式快餐,北京,2.0,388,12,1.0,1115,2,24097,914
超市便利店,便利店,,南京,0.0,526,2,4.0,1116,1,38303,928
美食,快餐,西式快餐,广州,8.0,11,9,3.0,1117,2,55978,13288
美食,小吃,其它小吃,杭州,4.0,1093,15,3.0,1118,2,32776,2483
美食,小吃,米粉/米线,杭州,1.0,378,16,3.0,1119,0,9995,620
美食,快餐,西式快餐,青岛,4.0,325,13,3.0,1120,2,23638,2980
美食,快餐,西式快餐,厦门,11.0,955,13,2.0,1121,2,56360,6338
美食,休闲食品,其它休闲食品,珠海,4.0,719,2,4.0,1122,0,30116,477
超市便利店,超市,,武汉,0.0,683,19,4.0,1123,1,154943,9177
美食,休闲茶饮,冰激凌,武汉,4.0,416,10,3.0,1124,1,24640,2809
美食,快餐,西式快餐,广州,14.0,47,14,1.0,1125,2,87048,5476
美食,快餐,西式快餐,淮安,6.0,963,13,3.0,1126,2,37638,5827
美食,烘焙糕点,面包,福州,2.0,611,12,3.0,1127,2,24419,3049
美食,小吃,其它小吃,武汉,3.0,290,16,3.0,1128,2,35335,8001
美食,快餐,西式快餐,南昌,6.0,591,15,2.0,1129,2,48097,7212
美食,休闲食品,生鲜水果,温州,1.0,174,9,3.0,1130,0,15466,337
美食,快餐,中式快餐,济南,2.0,443,2,3.0,1131,1,21644,971
超市便利店,超市,,上海,,627,12,,1132,0,14856,1044
超市便利店,便利店,,济南,,539,6,,1133,0,7164,184
美食,快餐,西式快餐,长沙,6.0,1138,13,2.0,1134,2,34130,2100
美食,快餐,西式快餐,苏州,11.0,1147,12,3.0,1135,2,92678,4799
超市便利店,超市,,佛山,,82,12,,1136,0,21133,999
超市便利店,超市,,湛江,,700,17,,1137,0,6635,304
美食,小吃,面点,南京,2.0,1126,8,3.0,1138,0,21638,649
美食,快餐,西式快餐,佛山,6.0,88,12,2.0,1139,2,36159,4405
美食,汤/粥/煲/砂锅/炖菜,砂锅/煲类/炖菜,上海,2.0,1032,15,3.0,1140,0,28900,635
美食,小吃,米粉/米线,济南,2.0,111,4,3.0,1141,0,22433,1139
美食,中餐,其它地方菜,石家庄,2.0,703,19,3.0,1142,0,17819,14140
美食,休闲茶饮,奶茶,温州,3.0,693,4,4.0,1143,0,11960,1141
超市便利店,超市,,上海,,301,18,,1144,1,23091,2733
美食,烘焙糕点,面包,上海,1.0,247,10,3.0,1145,0,8445,1585
超市便利店,超市,,武汉,0.0,581,16,4.0,1146,1,51177,1301
美食,休闲食品,生鲜水果,南京,3.0,680,9,1.0,1147,0,72296,1273
超市便利店,超市,,厦门,,770,7,,1148,0,9464,87
美食,快餐,西式快餐,南昌,1.0,886,6,2.0,1149,0,14366,887
超市便利店,超市,,上海,0.0,1003,19,4.0,1150,1,87850,6933
美食,快餐,西式快餐,深圳,8.0,734,9,2.0,1151,2,55641,3414
美食,烘焙糕点,面包,上海,4.0,1116,10,3.0,1152,0,41918,1563
美食,快餐,西式快餐,上海,6.0,1065,8,3.0,1153,2,51752,3385
美食,快餐,中式快餐,常州,1.0,390,6,2.0,1154,0,19567,511
美食,休闲食品,生鲜水果,温州,1.0,442,15,3.0,1155,0,21995,577
超市便利店,超市,,锦州,,887,18,,1156,1,32823,6963
美食,小吃,其它小吃,北京,1.0,1043,5,2.0,1157,0,7472,91
超市便利店,超市,,杭州,,589,10,,1158,0,8183,122
美食,中餐,东北菜,杭州,2.0,521,15,2.0,1159,0,20561,2062
超市便利店,便利店,,上海,,854,6,,1160,1,6179,397
美食,快餐,西式快餐,泉州,3.0,147,12,2.0,1161,2,21404,4394
美食,烘焙糕点,蛋糕,上海,1.0,519,10,3.0,1162,0,21203,744
美食,小吃,面点,上海,1.0,1032,16,3.0,1163,0,10544,290
美食,休闲茶饮,饮品/甜点,大连,4.0,16,6,4.0,1164,2,34697,2248
美食,快餐,西式快餐,广州,7.0,568,11,2.0,1165,2,32475,4297
美食,快餐,西式快餐,苏州,6.0,470,12,3.0,1166,2,32177,3660
超市便利店,超市,,南平,,468,18,,1167,1,28104,4346
超市便利店,超市,,蚌埠,,371,18,,1168,1,41622,6828
美食,休闲食品,生鲜水果,温州,3.0,211,16,1.0,1169,0,25287,1053
超市便利店,超市,,宁波,,656,16,,1170,0,10044,691
美食,快餐,西式快餐,淮安,5.0,959,14,2.0,1171,2,36568,7365
美食,其他美食,西餐,温州,3.0,585,20,1.0,1172,2,20942,10124
美食,快餐,西式快餐,杭州,3.0,895,15,3.0,1173,1,23074,5794
超市便利店,便利店,,武汉,,557,3,,1174,0,17537,227
美食,小吃,其它小吃,西安,3.0,487,6,3.0,1175,0,37817,2341
超市便利店,超市,,绍兴,0.0,214,17,2.0,1176,1,36902,3002
美食,休闲食品,生鲜水果,杭州,3.0,978,11,3.0,1177,0,26745,493
美食,快餐,中式快餐,福州,2.0,122,5,1.0,1178,0,44862,1689
美食,小吃,米粉/米线,南昌,1.0,964,3,3.0,1179,0,19651,732
美食,烘焙糕点,面包,杭州,3.0,1093,9,3.0,1180,1,44140,1052
美食,快餐,西式快餐,绍兴,12.0,615,15,3.0,1181,2,81775,5711
美食,休闲茶饮,奶茶,深圳,2.0,531,8,3.0,1182,0,13119,914
超市便利店,超市,,上海,,1098,15,,1183,0,7681,236
美食,休闲茶饮,奶茶,武汉,4.0,606,5,3.0,1184,0,23682,972
美食,快餐,中式快餐,武汉,0.0,209,1,1.0,1185,0,11378,40
超市便利店,超市,,成都,,597,5,,1186,0,11056,70
美食,快餐,西式快餐,镇江,5.0,372,13,3.0,1187,2,35105,3541
美食,休闲茶饮,奶茶,武汉,2.0,737,1,3.0,1188,0,15173,329
美食,中餐,其它地方菜,郑州,0.0,1151,1,3.0,1189,0,16828,382
美食,快餐,西式快餐,苏州,18.0,314,13,3.0,1190,2,138619,9418
超市便利店,超市,,合肥,,254,15,,1191,0,6622,331
美食,火锅,其它火锅,北京,3.0,430,18,3.0,1192,2,15003,2057
美食,休闲茶饮,奶茶,上海,1.0,642,7,4.0,1193,0,15441,353
超市便利店,超市,,苏州,,496,14,,1194,0,14643,1236
美食,快餐,西式快餐,温州,6.0,1006,14,2.0,1195,2,43635,2912
超市便利店,超市,,抚顺,0.0,548,16,4.0,1196,1,29510,2697
美食,快餐,西式快餐,北京,10.0,1096,10,3.0,1197,2,59422,2279
美食,休闲食品,生鲜水果,上海,2.0,643,15,3.0,1198,2,35495,502
超市便利店,便利店,,北京,,880,8,,1199,1,19359,116
超市便利店,便利店,,温州,0.0,704,5,4.0,1200,1,17254,206
美食,休闲食品,生鲜水果,宁波,4.0,436,7,3.0,1201,0,38943,561
美食,快餐,西式快餐,江门,3.0,1016,6,2.0,1202,2,14866,20094
美食,休闲茶饮,奶茶,上海,4.0,153,5,3.0,1203,2,51057,1561
超市便利店,超市,,上海,0.0,153,16,3.0,1204,1,34544,696
美食,休闲食品,生鲜水果,绍兴,2.0,634,4,4.0,1205,0,25266,5888
超市便利店,超市,,北京,,186,15,,1206,0,8308,331
美食,快餐,西式快餐,天津,5.0,1004,12,3.0,1207,2,14748,2082
美食,快餐,西式快餐,福州,3.0,226,15,3.0,1208,1,15147,2236
美食,中餐,粤菜,上海,1.0,153,19,1.0,1209,0,8553,881
美食,快餐,西式快餐,南宁,4.0,804,15,2.0,1210,2,25738,9189
美食,快餐,西式快餐,南京,9.0,399,8,3.0,1211,2,66350,6967
超市便利店,超市,,无锡,,200,17,,1212,0,8994,254
美食,烘焙糕点,面包,北京,6.0,86,11,3.0,1213,2,57591,1559
美食,中餐,上海本帮菜,上海,0.0,255,7,1.0,1214,0,6421,180
超市便利店,便利店,,青岛,,1001,4,,1215,1,8695,171
美食,快餐,中式快餐,武汉,1.0,653,8,1.0,1216,0,10104,806
美食,快餐,西式快餐,西安,10.0,171,15,2.0,1217,2,51847,3736
超市便利店,便利店,,北京,0.0,836,5,4.0,1218,1,15957,56
美食,快餐,西式快餐,西安,4.0,1020,8,3.0,1219,2,16489,4805
超市便利店,便利店,,武汉,,209,2,,1220,0,19163,240
美食,休闲茶饮,奶茶,合肥,7.0,814,5,4.0,1221,0,20812,14145
美食,快餐,中式快餐,成都,2.0,274,9,1.0,1222,0,10107,582
美食,其他美食,日韩料理,上海,1.0,1127,6,3.0,1223,0,17116,263
美食,快餐,西式快餐,无锡,5.0,805,14,2.0,1224,2,39579,1568
美食,快餐,中式快餐,深圳,1.0,195,5,1.0,1225,0,10335,768
超市便利店,超市,,杭州,0.0,361,17,3.0,1226,1,150807,5603
超市便利店,超市,,温州,0.0,442,11,3.0,1227,0,36543,609
超市便利店,超市,,南京,0.0,221,14,4.0,1228,1,30760,717
超市便利店,超市,,广州,1.0,132,6,2.0,1229,0,82352,1467
美食,小吃,米粉/米线,南京,1.0,1155,2,4.0,1230,0,13849,308
超市便利店,超市,,乐山,,890,19,,1231,1,51819,7996
超市便利店,超市,,深圳,,1069,6,,1232,0,5999,220
美食,快餐,西式快餐,长沙,3.0,618,9,3.0,1233,2,19624,3194
美食,快餐,西式快餐,郑州,4.0,549,6,3.0,1234,2,16049,6003
美食,快餐,中式快餐,南京,1.0,172,8,2.0,1235,0,14461,627
超市便利店,超市,,宁波,0.0,230,14,0.0,1236,0,35838,978
美食,快餐,西式快餐,北京,5.0,1099,11,3.0,1237,2,27137,1422
超市便利店,便利店,,温州,0.0,585,2,4.0,1238,1,30040,207
超市便利店,便利店,,温州,0.0,840,6,4.0,1239,1,21314,229
美食,快餐,中式快餐,武汉,0.0,85,1,2.0,1240,0,21939,131
美食,休闲茶饮,奶茶,上海,2.0,1054,6,4.0,1241,0,10307,214
美食,快餐,中式快餐,绍兴,2.0,214,6,2.0,1242,2,28807,5821
美食,休闲茶饮,奶茶,西安,1.0,1156,1,3.0,1243,0,7865,392
美食,快餐,西式快餐,武汉,14.0,825,12,3.0,1244,2,74128,6265
超市便利店,便利店,,上海,0.0,168,4,0.0,1245,1,21833,131
美食,快餐,其它快餐,杭州,2.0,1093,14,2.0,1246,0,25836,300
美食,快餐,中式快餐,苏州,3.0,902,7,3.0,1247,0,22719,1595
超市便利店,超市,,成都,,573,6,,1248,0,10960,100
美食,快餐,中式快餐,杭州,4.0,520,12,3.0,1249,2,56083,1655
超市便利店,便利店,,广州,0.0,533,2,2.0,1250,1,48653,403
美食,休闲食品,生鲜水果,杭州,3.0,124,7,3.0,1251,0,24651,587
美食,小吃,其它小吃,南京,4.0,680,16,3.0,1252,2,60604,4629
超市便利店,超市,,无锡,,289,17,,1253,0,8944,247
超市便利店,超市,,宜昌,0.0,483,18,4.0,1254,0,20510,637
美食,快餐,西式快餐,黄山,5.0,25,16,2.0,1255,2,32034,2716
超市便利店,超市,,北京,,1117,14,,1256,0,39446,1033
超市便利店,超市,,厦门,,59,18,,1257,1,97262,4092
美食,休闲茶饮,饮品/甜点,杭州,3.0,485,2,4.0,1258,1,42074,992
美食,快餐,中式快餐,宜昌,3.0,1084,10,2.0,1259,0,11956,1313
美食,休闲食品,生鲜水果,武汉,1.0,1072,6,2.0,1260,0,14508,621
美食,快餐,其它快餐,北京,2.0,42,15,2.0,1261,0,17007,714
美食,烘焙糕点,面包,南京,3.0,680,12,3.0,1262,2,39509,763
超市便利店,超市,,淮安,0.0,1071,17,2.0,1263,1,83306,3942
超市便利店,超市,,宝鸡,,987,18,,1264,1,26233,5984
美食,休闲茶饮,奶茶,南昌,1.0,848,1,2.0,1265,0,15930,302
超市便利店,便利店,,北京,0.0,42,5,0.0,1266,0,20243,534
超市便利店,超市,,常州,,480,18,,1267,0,19771,417
超市便利店,超市,,南京,0.0,575,8,4.0,1268,1,83371,927
超市便利店,便利店,,厦门,0.0,1107,1,2.0,1269,1,59491,558
美食,休闲茶饮,冰激凌,北京,2.0,113,11,3.0,1270,2,20584,2363
超市便利店,超市,,杭州,0.0,523,17,4.0,1271,1,48400,4622
美食,小吃,其它小吃,成都,1.0,474,1,3.0,1272,0,16768,256
美食,快餐,西式快餐,南京,8.0,499,11,3.0,1273,2,49639,2791
美食,休闲茶饮,饮品/甜点,广州,0.0,853,1,3.0,1274,0,7129,84
美食,快餐,西式快餐,徐州,8.0,348,14,1.0,1275,2,53462,3899
美食,快餐,中式快餐,深圳,2.0,813,6,1.0,1276,0,22454,1425
美食,快餐,西式快餐,青岛,5.0,603,14,3.0,1277,2,38384,1497
美食,休闲茶饮,饮品/甜点,镇江,1.0,62,5,3.0,1278,0,8314,337
超市便利店,便利店,,青岛,0.0,154,3,3.0,1279,1,25369,215
美食,火锅,麻辣烫/串串香,宁波,1.0,207,8,3.0,1280,0,14126,425
美食,快餐,西式快餐,无锡,5.0,460,11,3.0,1281,2,34000,2457
美食,快餐,中式快餐,武汉,2.0,1007,7,2.0,1282,2,13536,2982
超市便利店,超市,,南通,0.0,18,19,4.0,1283,1,69374,4364
美食,快餐,西式快餐,合肥,4.0,720,12,3.0,1284,2,20438,5877
美食,快餐,中式快餐,杭州,1.0,849,10,0.0,1285,0,21795,655
美食,小吃,其它小吃,北京,2.0,256,18,4.0,1286,0,12772,1437
美食,休闲食品,零食,武汉,2.0,608,5,3.0,1287,0,17222,763
美食,休闲茶饮,奶茶,杭州,2.0,1094,4,3.0,1288,2,16500,1303
美食,中餐,台湾菜,上海,1.0,554,20,1.0,1289,0,11485,3340
美食,休闲茶饮,饮品/甜点,郑州,2.0,962,6,4.0,1290,1,16750,1015
美食,中餐,川菜,广州,6.0,552,20,2.0,1291,2,29316,11893
美食,快餐,西式快餐,广州,10.0,711,7,3.0,1292,2,50343,11742
美食,烘焙糕点,蛋糕,杭州,4.0,264,9,3.0,1293,2,51288,3176
美食,快餐,西式快餐,深圳,2.0,194,6,2.0,1294,2,13476,3829
美食,烘焙糕点,蛋糕,重庆,2.0,272,16,3.0,1295,0,21482,1231
超市便利店,超市,,上海,0.0,921,19,4.0,1296,1,224266,10579
美食,快餐,西式快餐,北京,8.0,19,10,3.0,1297,2,51628,2972
美食,休闲茶饮,奶茶,苏州,2.0,868,8,4.0,1298,0,12902,584
美食,快餐,西式快餐,无锡,9.0,68,13,3.0,1299,2,60180,5759
美食,小吃,其它小吃,杭州,2.0,485,3,3.0,1300,0,27372,195
美食,休闲茶饮,饮品/甜点,潍坊,4.0,560,9,4.0,1301,2,42215,7826
超市便利店,超市,,北京,,980,19,,1302,1,220913,7195
超市便利店,便利店,,上海,0.0,709,5,0.0,1303,1,39943,223
超市便利店,超市,,武汉,,892,18,,1304,1,30153,2466
美食,小吃,其它小吃,金华,0.0,201,1,2.0,1305,0,10286,237
超市便利店,超市,,北京,,94,19,,1306,1,47664,1250
美食,休闲食品,零食,温州,1.0,936,6,4.0,1307,0,13322,446
美食,快餐,中式快餐,杭州,11.0,146,6,2.0,1308,0,107970,1164
美食,烘焙糕点,蛋糕,上海,5.0,554,9,2.0,1309,1,98237,1823
超市便利店,超市,,深圳,0.0,79,16,4.0,1310,1,47184,2310
美食,其他美食,西餐,广州,5.0,488,20,2.0,1311,2,27550,12430
美食,快餐,西式快餐,莆田,5.0,190,10,3.0,1312,2,29573,12160
美食,快餐,西式快餐,汉中,6.0,744,15,3.0,1313,2,23522,10229
美食,快餐,西式快餐,深圳,5.0,407,9,3.0,1314,2,48991,5671
美食,快餐,西式快餐,北京,13.0,396,11,3.0,1315,2,77398,2774
美食,其他美食,日韩料理,上海,2.0,1061,18,2.0,1316,0,18924,597
美食,烘焙糕点,面包,上海,1.0,1110,10,3.0,1317,1,11129,1923
美食,休闲茶饮,饮品/甜点,杭州,3.0,1093,4,3.0,1318,1,25423,401
美食,快餐,中式快餐,深圳,3.0,237,8,3.0,1319,2,24532,3000
美食,中餐,其它地方菜,上海,1.0,1127,15,0.0,1320,0,15046,441
美食,休闲食品,生鲜水果,上海,1.0,1114,18,4.0,1321,0,10775,279
美食,火锅,川味/重庆火锅,杭州,8.0,1093,20,4.0,1322,2,39580,31727
美食,休闲茶饮,饮品/甜点,成都,0.0,563,1,3.0,1323,0,8537,360
美食,快餐,西式快餐,南京,9.0,73,10,3.0,1324,2,64414,1662
美食,烘焙糕点,蛋糕,武汉,4.0,317,11,3.0,1325,1,31478,1567
超市便利店,超市,,金华,0.0,1158,18,4.0,1326,0,76524,1132
超市便利店,超市,,杭州,0.0,974,17,3.0,1327,1,29567,2499
美食,中餐,其它地方菜,北京,2.0,249,19,2.0,1328,0,9354,2732
超市便利店,便利店,,南京,0.0,172,5,4.0,1329,1,21678,94
美食,快餐,西式快餐,东莞,2.0,1048,9,2.0,1330,2,15646,6117
美食,其他美食,日韩料理,上海,1.0,153,11,3.0,1331,0,5851,366
美食,快餐,西式快餐,杭州,14.0,1093,15,3.0,1332,2,87717,3227
美食,休闲食品,其它休闲食品,广州,1.0,973,1,3.0,1333,0,20089,304
超市便利店,便利店,,杭州,,760,4,,1334,1,10141,293
美食,快餐,西式快餐,苏州,5.0,389,9,3.0,1335,2,31539,2564
超市便利店,便利店,,金华,,492,12,,1336,0,5756,54
美食,其他美食,日韩料理,南京,2.0,673,19,3.0,1337,0,26475,2309
美食,快餐,中式快餐,上海,2.0,924,7,2.0,1338,2,33115,4696
美食,快餐,西式快餐,无锡,9.0,751,12,3.0,1339,2,61889,2431
美食,中餐,其它地方菜,北京,4.0,574,18,3.0,1340,0,18430,3860
美食,快餐,中式快餐,广州,3.0,228,4,3.0,1341,0,34657,883
美食,烘焙糕点,面包,宁波,2.0,436,13,2.0,1342,0,23653,1091
美食,烘焙糕点,蛋糕,杭州,3.0,1094,8,3.0,1343,1,35523,891
超市便利店,超市,,北京,0.0,535,16,4.0,1344,0,17677,394
美食,小吃,其它小吃,杭州,2.0,146,4,4.0,1345,0,8803,360
超市便利店,超市,,杭州,,287,19,,1346,1,162321,10360
美食,快餐,西式快餐,深圳,11.0,195,10,2.0,1347,2,60882,1983
美食,快餐,西式快餐,上海,4.0,501,10,3.0,1348,2,32452,5659
美食,烘焙糕点,蛋糕,杭州,3.0,668,14,3.0,1349,2,29306,4307
美食,快餐,西式快餐,杭州,20.0,1093,12,3.0,1350,2,218094,9956
美食,休闲茶饮,奶茶,宁波,2.0,436,6,3.0,1351,0,19170,281
美食,快餐,西式快餐,深圳,7.0,368,12,3.0,1352,2,29493,2160
美食,快餐,中式快餐,深圳,3.0,862,4,0.0,1353,0,37003,1286
美食,快餐,中式快餐,杭州,8.0,225,8,3.0,1354,0,51595,1626
美食,快餐,西式快餐,南京,18.0,215,10,3.0,1355,2,135648,5420
美食,快餐,西式快餐,嘉兴,10.0,569,13,2.0,1356,2,82727,5601
超市便利店,超市,,重庆,,561,18,,1357,1,48107,3317
超市便利店,超市,,上海,,1085,19,,1358,1,41459,6206
美食,快餐,西式快餐,青岛,6.0,1015,13,3.0,1359,2,35080,1220
超市便利店,便利店,,无锡,0.0,188,3,0.0,1360,1,17515,479
超市便利店,便利店,,上海,0.0,662,4,4.0,1361,1,39212,247
美食,快餐,西式快餐,长治,6.0,224,15,3.0,1362,2,32156,15064
美食,烘焙糕点,蛋糕,杭州,3.0,974,15,3.0,1363,2,32851,2848
美食,中餐,粤菜,杭州,1.0,941,20,2.0,1364,2,9505,1311
美食,快餐,西式快餐,南京,18.0,399,10,3.0,1365,2,121133,4762
美食,其他美食,其他餐饮美食,上海,1.0,1127,16,2.0,1366,0,33116,113
美食,快餐,西式快餐,杭州,2.0,629,13,3.0,1367,1,11369,690
超市便利店,便利店,,广州,0.0,935,2,1.0,1368,0,24421,440
美食,休闲食品,生鲜水果,杭州,2.0,631,15,3.0,1369,2,26648,565
美食,休闲茶饮,奶茶,济南,2.0,318,1,4.0,1370,0,19687,512
美食,快餐,中式快餐,北京,3.0,916,17,4.0,1371,1,31189,1695
美食,快餐,中式快餐,深圳,9.0,847,2,0.0,1372,0,127189,2018
超市便利店,超市,,深圳,0.0,657,20,4.0,1373,1,137268,6470
美食,快餐,西式快餐,天津,2.0,684,6,3.0,1374,0,16103,3937
美食,烘焙糕点,面包,武汉,1.0,979,3,3.0,1375,0,8731,414
美食,中餐,川菜,武汉,3.0,1024,10,2.0,1376,2,37755,3380
美食,快餐,西式快餐,烟台,13.0,556,14,3.0,1377,2,75648,7033
美食,烘焙糕点,面包,广州,2.0,57,10,3.0,1378,0,22189,715
超市便利店,便利店,,上海,0.0,255,1,4.0,1379,1,50902,299
美食,休闲茶饮,奶茶,青岛,2.0,291,4,4.0,1380,1,14891,1138
超市便利店,便利店,,青岛,0.0,344,2,3.0,1381,1,40930,778
超市便利店,便利店,,青岛,0.0,852,4,4.0,1382,1,18416,119
美食,小吃,其它小吃,杭州,1.0,485,1,3.0,1383,0,17096,235
美食,快餐,其它快餐,武汉,0.0,602,14,2.0,1384,0,5022,356
超市便利店,超市,,上海,,1033,7,,1385,0,11495,231
美食,烘焙糕点,面包,宁波,1.0,798,13,3.0,1386,0,16365,813
美食,烘焙糕点,蛋糕,上海,4.0,626,9,3.0,1387,0,42579,514
美食,快餐,西式快餐,肇庆,6.0,246,14,3.0,1388,2,31614,5931
美食,快餐,西式快餐,大连,8.0,970,13,4.0,1389,2,40553,2778
美食,快餐,中式快餐,天津,1.0,690,8,2.0,1390,0,8545,129
美食,快餐,中式快餐,武汉,0.0,85,1,1.0,1391,0,12359,59
美食,其他美食,其他餐饮美食,杭州,3.0,1091,3,0.0,1392,0,54364,1405
美食,快餐,西式快餐,衢州,7.0,893,15,3.0,1393,2,39280,3713
超市便利店,超市,,上海,,1127,8,,1394,0,70367,1137
美食,快餐,西式快餐,苏州,7.0,961,12,3.0,1395,2,42761,4294
超市便利店,超市,,深圳,0.0,216,17,4.0,1396,1,93949,1086
超市便利店,超市,,惠州,,355,19,,1397,1,72953,6610
美食,休闲茶饮,饮品/甜点,上海,2.0,643,17,3.0,1398,2,18881,1301
美食,烘焙糕点,面包,北京,4.0,580,10,3.0,1399,1,45442,1384
美食,小吃,其它小吃,宁波,0.0,764,1,3.0,1400,0,21277,236
美食,快餐,西式快餐,广州,3.0,155,15,3.0,1401,2,24397,3438
美食,小吃,其它小吃,杭州,1.0,286,5,3.0,1402,0,15410,504
超市便利店,超市,,深圳,0.0,966,12,1.0,1403,1,47547,245
美食,火锅,麻辣烫/串串香,上海,2.0,924,7,2.0,1404,0,23482,573
美食,休闲食品,生鲜水果,南京,1.0,399,11,2.0,1405,0,12828,268
超市便利店,便利店,,青岛,0.0,120,7,4.0,1406,1,17829,236
美食,小吃,其它小吃,杭州,1.0,884,2,2.0,1407,0,13486,470
美食,快餐,中式快餐,合肥,1.0,814,7,0.0,1408,0,7369,401
美食,快餐,中式快餐,上海,2.0,943,7,2.0,1409,2,38838,6105
美食,快餐,西式快餐,金华,11.0,1158,14,3.0,1410,2,72564,2307
美食,快餐,西式快餐,上海,6.0,339,13,3.0,1411,2,50034,7324
美食,快餐,西式快餐,泰州,10.0,638,13,3.0,1412,2,62123,3910
美食,快餐,中式快餐,杭州,1.0,144,5,3.0,1413,0,16213,1070
超市便利店,超市,,北京,,129,14,,1414,0,6603,236
超市便利店,超市,,上海,,752,10,,1415,0,8074,137
美食,休闲茶饮,奶茶,绍兴,3.0,1063,5,4.0,1416,0,30153,692
超市便利店,超市,,大连,0.0,543,18,4.0,1417,1,39708,1199
美食,中餐,其它地方菜,郑州,0.0,1151,1,2.0,1418,0,14429,205
美食,快餐,中式快餐,杭州,1.0,32,5,0.0,1419,0,14073,774
超市便利店,便利店,,杭州,0.0,865,2,4.0,1420,1,61144,347
美食,快餐,西式快餐,上海,4.0,420,15,3.0,1421,2,36614,1911
美食,其他美食,其他餐饮美食,武汉,0.0,737,19,3.0,1422,0,19785,2359
超市便利店,超市,,福州,,985,17,,1423,1,31457,2105
美食,快餐,西式快餐,上海,7.0,519,10,3.0,1424,2,55669,10388
超市便利店,便利店,,温州,0.0,141,6,0.0,1425,1,18748,239
超市便利店,便利店,,杭州,,378,2,,1426,1,63098,504
美食,小吃,其它小吃,金华,4.0,1158,12,2.0,1427,0,32884,5188
美食,快餐,西式快餐,天津,6.0,288,12,3.0,1428,2,20844,4337
美食,快餐,中式快餐,杭州,3.0,286,10,3.0,1429,2,37997,766
美食,快餐,中式快餐,北京,0.0,823,6,3.0,1430,0,8328,43
美食,烘焙糕点,面包,北京,4.0,199,16,4.0,1431,1,52962,2289
美食,快餐,西式快餐,南京,9.0,956,8,3.0,1432,2,77356,8336
美食,烘焙糕点,其它烘焙糕点,深圳,1.0,1109,13,3.0,1433,0,16783,677
美食,快餐,中式快餐,杭州,5.0,89,6,2.0,1434,0,44713,793
美食,快餐,西式快餐,北京,6.0,142,14,3.0,1435,2,28634,1857
超市便利店,超市,,西安,,1070,18,,1436,1,84561,3676
美食,快餐,中式快餐,广州,4.0,541,7,1.0,1437,0,23229,3500
美食,快餐,西式快餐,衢州,13.0,893,15,3.0,1438,2,76948,12526
美食,休闲食品,生鲜水果,南京,1.0,4,10,3.0,1439,0,9948,481
超市便利店,超市,,芜湖,,1140,18,,1440,1,44934,6506
超市便利店,超市,,南京,,4,15,,1441,1,28620,885
美食,快餐,其它快餐,上海,1.0,844,15,3.0,1442,0,9780,1278
美食,小吃,米粉/米线,南宁,3.0,784,5,2.0,1443,0,18976,1491
美食,休闲茶饮,饮品/甜点,北京,4.0,823,12,3.0,1444,0,25590,638
超市便利店,超市,,杭州,0.0,363,16,3.0,1445,1,54944,1313
超市便利店,便利店,,杭州,,865,2,,1446,1,29605,277
美食,中餐,其它地方菜,北京,1.0,402,9,2.0,1447,0,6437,185
美食,小吃,米粉/米线,东莞,1.0,391,16,1.0,1448,0,7077,2196
美食,快餐,西式快餐,天津,6.0,728,14,2.0,1449,2,33035,2539
美食,快餐,西式快餐,北京,6.0,750,15,3.0,1450,2,26901,5037
美食,休闲食品,零食,苏州,2.0,503,6,2.0,1451,0,15756,901
美食,快餐,西式快餐,深圳,6.0,758,15,3.0,1452,2,30356,11269
美食,快餐,西式快餐,盐城,11.0,379,14,3.0,1453,2,64507,6315
美食,其他美食,其他餐饮美食,大连,1.0,947,3,3.0,1454,0,32699,943
超市便利店,便利店,,佛山,0.0,1100,2,0.0,1455,0,18533,349
美食,中餐,川菜,宁波,3.0,878,20,2.0,1456,0,22037,2041
美食,休闲食品,生鲜水果,上海,1.0,709,10,2.0,1457,0,9220,244
美食,快餐,中式快餐,上海,2.0,695,8,2.0,1458,2,13933,5278
美食,快餐,西式快餐,珠海,2.0,81,13,3.0,1459,1,21951,4552
美食,中餐,江浙菜,杭州,3.0,941,20,2.0,1460,2,20842,2840
美食,快餐,西式快餐,杭州,17.0,361,8,3.0,1461,2,130926,10884
美食,快餐,中式快餐,济南,2.0,38,3,2.0,1462,1,27027,479
美食,休闲食品,生鲜水果,杭州,2.0,815,13,4.0,1463,0,17431,558
美食,小吃,其它小吃,南京,2.0,284,6,4.0,1464,0,11213,152
超市便利店,超市,,上海,0.0,649,20,4.0,1465,1,96930,5836
超市便利店,超市,,福州,,1075,15,,1466,1,32922,1695
美食,烘焙糕点,面包,武汉,4.0,676,11,3.0,1467,2,38320,4740
超市便利店,超市,,苏州,,1062,16,,1468,0,20890,590
美食,快餐,西式快餐,杭州,20.0,485,14,3.0,1469,2,195769,9753
美食,休闲茶饮,咖啡,大连,2.0,262,11,4.0,1470,0,12553,549
美食,快餐,西式快餐,金华,7.0,437,15,3.0,1471,2,48993,2423
美食,休闲茶饮,奶茶,杭州,7.0,1094,5,4.0,1472,0,38767,1120
美食,休闲茶饮,奶茶,厦门,2.0,326,3,4.0,1473,0,21864,485
美食,快餐,西式快餐,上海,4.0,387,10,3.0,1474,2,50284,7718
美食,快餐,西式快餐,潍坊,5.0,106,14,3.0,1475,2,31970,5533
超市便利店,便利店,,济南,,23,7,,1476,0,8095,120
美食,快餐,西式快餐,广州,7.0,867,7,3.0,1477,2,47493,6317
美食,休闲茶饮,奶茶,绍兴,7.0,912,1,4.0,1478,1,49813,11966
美食,快餐,西式快餐,南昌,4.0,223,13,2.0,1479,2,22122,3039
美食,烘焙糕点,其它烘焙糕点,合肥,3.0,362,9,3.0,1480,2,31502,2024
美食,休闲茶饮,奶茶,杭州,2.0,884,3,3.0,1481,2,13500,1556
超市便利店,超市,,沈阳,,360,16,,1482,1,52941,4399
美食,快餐,西式快餐,厦门,7.0,1080,8,3.0,1483,2,72437,5939
超市便利店,超市,,南昌,0.0,801,17,3.0,1484,1,63570,5627
美食,快餐,西式快餐,上海,5.0,821,13,3.0,1485,2,39351,4194
美食,小吃,其它小吃,广州,0.0,228,5,3.0,1486,0,6519,480
美食,小吃,其它小吃,重庆,1.0,754,3,1.0,1487,0,17141,191
超市便利店,便利店,,南京,0.0,1106,8,4.0,1488,1,32619,214
美食,快餐,西式快餐,上海,8.0,833,7,3.0,1489,2,57146,9718
超市便利店,超市,,咸宁,,747,19,,1490,1,36152,6890
美食,烘焙糕点,面包,成都,2.0,1134,17,3.0,1491,0,9384,1764
美食,快餐,中式快餐,深圳,1.0,991,4,0.0,1492,0,7303,358
美食,快餐,中式快餐,上海,0.0,1127,15,2.0,1493,1,18058,611
美食,烘焙糕点,面包,宁波,3.0,763,16,3.0,1494,0,21272,816
超市便利店,便利店,,武汉,,209,4,,1495,0,10434,151
超市便利店,超市,,南京,0.0,1095,13,4.0,1496,1,38687,819
超市便利店,便利店,,绍兴,0.0,167,5,4.0,1497,1,19997,161
超市便利店,超市,,成都,0.0,366,20,4.0,1498,1,18942,937
超市便利店,超市,,上海,,1086,11,,1499,0,11759,202
超市便利店,超市,,南京,,123,17,,1500,0,26483,930
超市便利店,便利店,,上海,0.0,359,4,4.0,1501,1,42870,1311
美食,休闲食品,生鲜水果,广州,3.0,973,1,3.0,1502,0,49514,436
美食,快餐,中式快餐,佛山,2.0,567,3,1.0,1503,0,38745,1119
美食,小吃,面点,常州,1.0,385,5,2.0,1504,0,14615,380
超市便利店,便利店,,南京,0.0,1126,7,4.0,1505,1,21143,215
超市便利店,超市,,六安,0.0,1045,19,0.0,1506,1,18375,9605
美食,休闲食品,生鲜水果,温州,2.0,61,8,3.0,1507,0,23302,327
超市便利店,超市,,上海,0.0,904,18,1.0,1508,1,21003,684
美食,快餐,西式快餐,重庆,5.0,1047,12,3.0,1509,2,29340,3880
美食,休闲食品,生鲜水果,上海,1.0,714,11,3.0,1510,2,28014,699
美食,烘焙糕点,其它烘焙糕点,南京,3.0,399,8,2.0,1511,0,32736,768
美食,小吃,其它小吃,广州,5.0,47,15,3.0,1512,2,45512,5204
美食,快餐,西式快餐,黄石,6.0,671,13,2.0,1513,2,34374,6019
美食,小吃,其它小吃,温州,1.0,936,1,3.0,1514,0,11746,315
超市便利店,超市,,北京,,9,18,,1515,1,27990,1222
超市便利店,便利店,,温州,0.0,1029,4,4.0,1516,1,21896,342
美食,快餐,西式快餐,北京,6.0,655,14,3.0,1517,2,31181,2830
超市便利店,超市,,思茅,0.0,670,19,4.0,1518,1,27778,9301
美食,休闲食品,生鲜水果,杭州,5.0,749,12,3.0,1519,2,49346,1262
超市便利店,便利店,,南京,0.0,338,9,4.0,1520,1,21003,441
美食,快餐,中式快餐,杭州,1.0,382,8,0.0,1521,0,10605,1882
超市便利店,超市,,北京,,402,17,,1522,1,30762,342
美食,烘焙糕点,面包,江门,1.0,918,2,1.0,1523,0,21702,1413
美食,快餐,西式快餐,武汉,10.0,37,13,3.0,1524,2,52812,5496
美食,小吃,面点,南宁,4.0,636,10,2.0,1525,0,29781,3922
美食,烘焙糕点,面包,南京,1.0,176,3,4.0,1526,0,7749,130
美食,快餐,西式快餐,深圳,4.0,1057,12,2.0,1527,2,25902,8144
超市便利店,超市,,杭州,0.0,485,7,3.0,1528,1,73066,3533
美食,休闲茶饮,奶茶,珠海,2.0,50,1,3.0,1529,0,21766,428
美食,快餐,西式快餐,惠州,6.0,83,13,2.0,1530,2,27559,3569
美食,烘焙糕点,面包,上海,2.0,134,15,3.0,1531,0,26677,910
美食,烘焙糕点,面包,深圳,1.0,813,7,2.0,1532,1,15736,1649
美食,快餐,中式快餐,北京,10.0,319,18,3.0,1533,2,48201,2195
超市便利店,便利店,,温州,0.0,61,3,3.0,1534,1,28712,133
超市便利店,超市,,温州,,585,19,,1535,1,211497,9194
超市便利店,便利店,,无锡,0.0,721,3,4.0,1536,1,25333,482
美食,快餐,西式快餐,信阳,7.0,1025,15,3.0,1537,2,45121,4703
超市便利店,超市,,江门,0.0,1016,17,3.0,1538,1,38567,6764
美食,火锅,川味/重庆火锅,宁波,6.0,245,20,4.0,1539,2,27585,53385
美食,快餐,西式快餐,扬州,11.0,1153,11,2.0,1540,2,75098,3376
美食,快餐,西式快餐,长沙,4.0,718,14,2.0,1541,2,28626,1568
美食,快餐,西式快餐,厦门,3.0,471,9,3.0,1542,2,16536,3735
超市便利店,超市,,长沙,,1138,18,,1543,0,8480,361
超市便利店,超市,,北京,0.0,273,18,2.0,1544,1,54450,3558
超市便利店,超市,,武汉,0.0,416,15,4.0,1545,1,26559,991
美食,小吃,其它小吃,北京,2.0,331,18,4.0,1546,0,14116,1089
美食,中餐,其它地方菜,南京,3.0,434,20,2.0,1547,1,19623,4802
美食,快餐,中式快餐,沈阳,0.0,143,1,0.0,1548,0,19095,236
美食,休闲食品,生鲜水果,杭州,1.0,901,10,3.0,1549,0,22548,414
美食,休闲食品,生鲜水果,上海,1.0,950,7,2.0,1550,0,12286,512
美食,快餐,中式快餐,上海,3.0,709,9,3.0,1551,2,33633,5027
美食,快餐,西式快餐,福州,4.0,876,8,2.0,1552,2,20879,11442
美食,快餐,西式快餐,南宁,9.0,793,13,3.0,1553,2,47221,12973
美食,小吃,面点,杭州,1.0,250,1,3.0,1554,0,17238,1013
美食,烘焙糕点,面包,南京,4.0,210,12,3.0,1555,2,48259,1714
美食,快餐,中式快餐,漳州,1.0,307,1,2.0,1556,0,15969,990
美食,快餐,西式快餐,嘉兴,18.0,92,13,3.0,1557,2,152258,7591
美食,休闲茶饮,奶茶,杭州,2.0,1093,6,3.0,1558,0,16279,355
美食,小吃,其它小吃,武汉,4.0,435,16,2.0,1559,2,36255,6111
美食,快餐,西式快餐,舟山,14.0,169,14,3.0,1560,2,98127,10226
美食,快餐,中式快餐,上海,1.0,924,12,2.0,1561,0,17221,313
美食,休闲食品,零食,苏州,1.0,613,8,3.0,1562,0,5784,327
美食,休闲食品,生鲜水果,苏州,1.0,1049,18,3.0,1563,0,11286,696
美食,快餐,西式快餐,宁波,8.0,279,13,3.0,1564,2,74541,4201
美食,休闲食品,生鲜水果,杭州,1.0,865,12,3.0,1565,0,23720,256
超市便利店,便利店,,北京,,866,6,,1566,0,10116,290
美食,快餐,西式快餐,上海,1.0,642,17,4.0,1567,0,26060,632
美食,快餐,西式快餐,武汉,13.0,831,12,3.0,1568,2,73260,6411
美食,休闲食品,生鲜水果,珠海,2.0,999,1,3.0,1569,0,27845,107
超市便利店,便利店,,杭州,0.0,286,4,4.0,1570,1,43042,184
美食,休闲茶饮,奶茶,温州,0.0,7,1,2.0,1571,0,36133,514
美食,烘焙糕点,蛋糕,武汉,2.0,1024,11,3.0,1572,1,26440,3516
超市便利店,便利店,,绍兴,0.0,1063,4,4.0,1573,1,60841,761
美食,快餐,西式快餐,无锡,5.0,896,12,3.0,1574,2,32880,2712
超市便利店,超市,,三明,,409,16,,1575,1,23912,1908
美食,快餐,西式快餐,佛山,5.0,698,7,3.0,1576,2,32051,11406
美食,快餐,西式快餐,沈阳,3.0,920,6,4.0,1577,2,13194,5040
美食,中餐,其它地方菜,郑州,0.0,1151,1,1.0,1578,0,18352,155
美食,中餐,其它地方菜,南京,2.0,399,20,3.0,1579,0,9791,2413
超市便利店,超市,,苏州,0.0,389,20,3.0,1580,1,36887,1407
美食,休闲茶饮,饮品/甜点,重庆,5.0,803,8,3.0,1581,2,35380,2317
美食,快餐,西式快餐,苏州,6.0,306,11,3.0,1582,2,45797,2532
美食,快餐,西式快餐,上海,10.0,630,9,3.0,1583,2,85178,5584
超市便利店,超市,,上海,,359,18,,1584,0,24829,510
美食,小吃,面点,北京,1.0,388,12,2.0,1585,0,15085,713
美食,快餐,西式快餐,石河子,5.0,54,16,3.0,1586,2,26179,7507
美食,烘焙糕点,蛋糕,宁德,1.0,1133,16,3.0,1587,0,8457,1611
美食,快餐,西式快餐,佛山,5.0,292,8,3.0,1588,2,33618,5918
美食,休闲茶饮,奶茶,上海,3.0,1003,6,4.0,1589,0,24734,632
美食,休闲食品,生鲜水果,杭州,2.0,1046,8,2.0,1590,2,41161,1182
美食,快餐,中式快餐,成都,2.0,151,5,3.0,1591,0,17233,937
美食,快餐,西式快餐,郑州,6.0,799,13,3.0,1592,2,33125,2665
美食,快餐,西式快餐,绵阳,6.0,241,13,2.0,1593,2,29507,3058
美食,快餐,西式快餐,上海,3.0,1032,13,2.0,1594,1,34505,3269
美食,中餐,其它地方菜,福州,2.0,226,19,2.0,1595,0,11449,10169
美食,小吃,面点,南京,2.0,583,1,3.0,1596,0,24165,781
美食,快餐,中式快餐,深圳,1.0,195,4,1.0,1597,0,33191,1607
超市便利店,便利店,,石家庄,0.0,879,3,3.0,1598,1,18062,71
美食,小吃,其它小吃,上海,1.0,554,15,3.0,1599,0,20221,527
美食,快餐,中式快餐,广州,2.0,552,16,1.0,1600,0,18729,538
美食,休闲食品,生鲜水果,杭州,1.0,40,14,3.0,1601,2,20254,574
美食,快餐,西式快餐,常州,5.0,452,12,3.0,1602,2,30559,1745
美食,小吃,其它小吃,南京,3.0,1126,8,3.0,1603,0,30847,1116
美食,休闲食品,零食,武汉,1.0,905,17,3.0,1604,2,13739,1285
超市便利店,超市,,宁波,0.0,133,18,2.0,1605,1,69731,8244
美食,中餐,其它地方菜,广州,3.0,552,16,2.0,1606,0,27212,696
美食,快餐,西式快餐,南通,1.0,238,15,3.0,1607,1,11328,3247
美食,休闲食品,生鲜水果,昆明,1.0,509,3,2.0,1608,0,13299,497
美食,休闲食品,生鲜水果,杭州,3.0,124,13,3.0,1609,2,23350,967
美食,烘焙糕点,蛋糕,杭州,2.0,378,5,3.0,1610,0,23541,992
超市便利店,超市,,沈阳,,475,19,,1611,1,33836,2651
超市便利店,便利店,,武汉,,606,4,,1612,0,12548,88
超市便利店,便利店,,上海,,341,3,,1613,1,39343,371
超市便利店,超市,,东莞,0.0,771,18,4.0,1614,0,29019,3081
超市便利店,便利店,,上海,0.0,900,1,4.0,1615,1,51927,181
超市便利店,超市,,上海,,833,18,,1616,1,126995,6075
超市便利店,便利店,,广州,0.0,746,2,4.0,1617,1,18628,525
美食,快餐,西式快餐,深圳,9.0,12,14,2.0,1618,2,49634,5138
美食,休闲茶饮,奶茶,上海,4.0,501,6,3.0,1619,0,34669,1317
美食,快餐,中式快餐,厦门,0.0,1107,2,1.0,1620,0,37222,545
美食,休闲茶饮,饮品/甜点,广州,3.0,710,1,3.0,1621,0,36136,634
超市便利店,便利店,,上海,,882,5,,1622,1,28539,474
美食,快餐,西式快餐,常州,20.0,121,12,3.0,1623,2,142204,7284
美食,快餐,西式快餐,杭州,20.0,621,13,3.0,1624,2,153897,8199
超市便利店,超市,,无锡,,1060,11,,1625,0,33169,248
美食,其他美食,自助餐,杭州,2.0,280,5,3.0,1626,0,35611,760
美食,快餐,西式快餐,南京,7.0,972,8,3.0,1627,2,46674,6570
美食,中餐,江浙菜,杭州,3.0,1094,9,2.0,1628,2,34137,1197
超市便利店,超市,,苏州,2.0,1147,20,3.0,1629,1,680464,18406
美食,小吃,其它小吃,南京,1.0,953,5,3.0,1630,0,21188,840
美食,休闲食品,生鲜水果,广州,6.0,335,4,2.0,1631,0,86483,807
超市便利店,便利店,,武汉,,510,4,,1632,0,7013,43
美食,汤/粥/煲/砂锅/炖菜,砂锅/煲类/炖菜,重庆,5.0,178,6,3.0,1633,0,37894,2141
超市便利店,超市,,苏州,0.0,1026,8,3.0,1634,1,32524,1701
美食,休闲茶饮,饮品/甜点,泰州,2.0,785,12,3.0,1635,2,13739,2455
美食,快餐,中式快餐,北京,2.0,137,6,3.0,1636,0,12468,1147
美食,快餐,中式快餐,上海,3.0,882,5,1.0,1637,0,31022,451
美食,烘焙糕点,蛋糕,上海,2.0,694,10,3.0,1638,0,32251,755
美食,其他美食,西餐,上海,3.0,1054,20,2.0,1639,2,21305,4067
美食,休闲食品,生鲜水果,上海,1.0,1061,8,2.0,1640,0,19140,123
美食,小吃,米粉/米线,杭州,1.0,280,14,3.0,1641,0,15291,462
美食,烘焙糕点,其它烘焙糕点,广州,5.0,552,7,3.0,1642,0,43032,3142
美食,快餐,西式快餐,东莞,3.0,162,7,3.0,1643,2,15291,7980
美食,烘焙糕点,面包,广州,7.0,11,13,3.0,1644,2,42315,3444
美食,休闲茶饮,奶茶,南京,2.0,161,5,3.0,1645,0,21474,742
美食,快餐,西式快餐,玉林,7.0,1089,15,2.0,1646,2,36607,12898
美食,快餐,西式快餐,上海,12.0,457,12,3.0,1647,2,88765,4236
超市便利店,超市,,宁波,,1051,15,,1648,0,29796,1601
美食,快餐,西式快餐,宜昌,4.0,483,13,2.0,1649,2,29373,3902
美食,休闲茶饮,咖啡,重庆,1.0,748,1,2.0,1650,0,23069,775
美食,快餐,西式快餐,广州,4.0,47,10,2.0,1651,2,29654,2656
美食,烘焙糕点,面包,广州,1.0,448,8,3.0,1652,0,14314,1016
超市便利店,超市,,苏州,,1142,17,,1653,0,11972,435
美食,中餐,其它地方菜,广州,2.0,552,20,1.0,1654,0,14965,2418
美食,快餐,中式快餐,广州,2.0,552,14,2.0,1655,0,17512,896
美食,小吃,其它小吃,杭州,1.0,521,9,3.0,1656,0,6243,511
超市便利店,超市,,合肥,,254,9,,1657,0,12905,159
美食,休闲茶饮,饮品/甜点,北京,10.0,713,7,4.0,1658,2,79614,2615
美食,快餐,中式快餐,嘉兴,4.0,302,11,2.0,1659,1,35198,1709
美食,快餐,西式快餐,南昌,5.0,351,16,1.0,1660,2,32803,5858
超市便利店,超市,,洛阳,,189,18,,1661,0,36864,1296
美食,快餐,西式快餐,广州,7.0,242,12,2.0,1662,2,31205,2930
超市便利店,超市,,南宁,0.0,636,17,3.0,1663,1,89636,4331
美食,小吃,其它小吃,广州,5.0,883,17,3.0,1664,2,34818,3099
超市便利店,超市,,南京,,126,4,,1665,0,15623,86
超市便利店,超市,,襄阳,,152,19,,1666,1,69054,6548
美食,休闲茶饮,饮品/甜点,广州,15.0,552,7,3.0,1667,2,113796,2695
美食,休闲茶饮,饮品/甜点,上海,5.0,937,4,4.0,1668,0,35919,296
超市便利店,超市,,苏州,,412,16,,1669,0,10568,2006
美食,火锅,川味/重庆火锅,南京,10.0,680,20,4.0,1670,2,37937,53503
美食,小吃,其它小吃,福州,0.0,651,9,2.0,1671,0,7401,566
美食,小吃,其它小吃,武汉,6.0,831,16,3.0,1672,2,51280,5694
超市便利店,超市,,上海,,616,18,,1673,1,48834,6304
美食,小吃,其它小吃,温州,1.0,585,3,3.0,1674,0,10877,418
美食,休闲茶饮,咖啡,杭州,1.0,850,13,3.0,1675,0,19400,992
超市便利店,便利店,,杭州,0.0,286,4,4.0,1676,1,30948,116
美食,火锅,川味/重庆火锅,济南,7.0,23,20,4.0,1677,2,21576,58765
美食,快餐,中式快餐,南京,1.0,1155,15,1.0,1678,0,13307,628
美食,快餐,中式快餐,成都,2.0,345,7,1.0,1679,0,9357,429
超市便利店,便利店,,武汉,,1018,4,,1680,0,14911,259
美食,休闲茶饮,奶茶,苏州,1.0,48,4,3.0,1681,0,8869,381
美食,快餐,西式快餐,济南,6.0,682,7,3.0,1682,2,29804,5562
美食,快餐,中式快餐,上海,2.0,626,17,2.0,1683,1,20544,1623
美食,烘焙糕点,面包,北京,2.0,610,9,3.0,1684,1,30000,840
美食,快餐,中式快餐,北京,0.0,331,3,1.0,1685,0,14778,660
超市便利店,便利店,,广州,0.0,251,2,3.0,1686,1,17378,194
超市便利店,超市,,南京,,623,18,,1687,1,167316,3202
美食,快餐,中式快餐,珠海,1.0,999,2,3.0,1688,0,19412,291
美食,快餐,西式快餐,广州,8.0,807,12,2.0,1689,2,38773,4732
美食,快餐,西式快餐,福州,8.0,122,7,3.0,1690,2,54862,10605
美食,休闲茶饮,饮品/甜点,厦门,1.0,955,2,2.0,1691,0,6432,422
超市便利店,超市,,东莞,,184,20,,1692,1,60740,16958
美食,休闲食品,生鲜水果,苏州,2.0,663,6,2.0,1693,0,19410,469
美食,休闲茶饮,饮品/甜点,杭州,0.0,740,3,2.0,1694,0,5880,98
超市便利店,便利店,,上海,0.0,554,4,1.0,1695,1,22581,463
超市便利店,便利店,,广州,0.0,867,3,4.0,1696,1,23696,257
美食,休闲茶饮,奶茶,上海,3.0,921,5,3.0,1697,0,19734,779
美食,快餐,中式快餐,武汉,0.0,209,1,1.0,1698,0,23896,183
美食,快餐,中式快餐,上海,2.0,647,9,1.0,1699,2,16719,1901
美食,小吃,面点,武汉,1.0,435,3,2.0,1700,0,18351,1244
美食,快餐,中式快餐,深圳,4.0,79,9,3.0,1701,0,31613,772
超市便利店,便利店,,温州,0.0,794,2,4.0,1702,1,16552,349
美食,小吃,其它小吃,南京,2.0,971,15,1.0,1703,0,29136,652
美食,快餐,西式快餐,上海,4.0,809,8,1.0,1704,0,91705,1080
美食,休闲茶饮,奶茶,上海,2.0,545,4,4.0,1705,0,18924,271
超市便利店,便利店,,北京,,328,3,,1706,0,33064,230
美食,小吃,面点,杭州,2.0,485,1,3.0,1707,0,40602,746
超市便利店,便利店,,温州,0.0,14,3,3.0,1708,1,38965,348
超市便利店,便利店,,上海,0.0,1033,4,4.0,1709,1,82577,559
超市便利店,超市,,武汉,0.0,510,17,4.0,1710,1,60019,1840
超市便利店,便利店,,杭州,0.0,378,3,3.0,1711,1,22450,273
美食,快餐,西式快餐,深圳,4.0,594,7,2.0,1712,2,18462,9452
美食,烘焙糕点,面包,杭州,1.0,110,10,3.0,1713,0,11267,770
美食,快餐,中式快餐,深圳,2.0,1068,3,0.0,1714,0,24026,831
美食,火锅,其它火锅,深圳,1.0,733,20,2.0,1715,1,5584,1404
美食,小吃,面点,杭州,3.0,378,7,3.0,1716,0,36650,704
超市便利店,超市,,重庆,,347,19,,1717,1,63205,4326
美食,小吃,熟食,南京,2.0,680,10,3.0,1718,1,15922,1735
美食,快餐,中式快餐,杭州,2.0,386,3,3.0,1719,0,59362,756
美食,中餐,粤菜,广州,13.0,155,10,2.0,1720,1,103968,5478
美食,中餐,其它地方菜,成都,1.0,508,2,3.0,1721,0,19970,439
超市便利店,超市,,十堰,,1042,17,,1722,0,18807,757
美食,快餐,西式快餐,广州,5.0,295,8,3.0,1723,2,20970,11314
美食,小吃,面点,苏州,1.0,933,1,2.0,1724,0,8096,221
美食,休闲茶饮,饮品/甜点,金华,2.0,201,2,4.0,1725,0,24167,377
超市便利店,超市,,北京,,588,19,,1726,1,90748,9149
美食,快餐,中式快餐,北京,5.0,826,12,3.0,1727,0,41291,1278
超市便利店,便利店,,南京,,680,4,,1728,1,17989,225
美食,休闲茶饮,奶茶,宁波,3.0,1132,8,4.0,1729,0,29273,1353
美食,其他美食,西餐,武汉,4.0,1030,19,2.0,1730,2,19811,11048
美食,快餐,中式快餐,北京,1.0,381,4,3.0,1731,0,22695,81
美食,烘焙糕点,其它烘焙糕点,南京,4.0,17,12,3.0,1732,0,30764,1511
美食,休闲食品,其它休闲食品,成都,1.0,741,3,3.0,1733,0,12382,209
超市便利店,便利店,,上海,0.0,329,3,4.0,1734,1,24417,269
美食,快餐,西式快餐,北京,7.0,1066,14,4.0,1735,2,36715,3470
美食,快餐,西式快餐,营口,4.0,555,13,4.0,1736,2,29284,1421
美食,小吃,其它小吃,上海,1.0,417,12,3.0,1737,0,6746,393
超市便利店,便利店,,福州,,802,2,,1738,0,15795,475
美食,小吃,其它小吃,上海,2.0,609,10,2.0,1739,0,27653,1163
超市便利店,便利店,,深圳,,1109,2,,1740,1,22044,168
超市便利店,超市,,大连,,87,19,,1741,0,17701,467
美食,小吃,面点,上海,0.0,662,8,2.0,1742,0,6047,173
超市便利店,超市,,成都,0.0,300,17,4.0,1743,1,68202,2117
美食,快餐,西式快餐,济南,9.0,24,14,4.0,1744,2,51530,2809
美食,快餐,西式快餐,杭州,20.0,287,13,3.0,1745,2,219332,11321
美食,快餐,中式快餐,上海,0.0,640,6,2.0,1746,1,16864,1309
美食,其他美食,日韩料理,厦门,1.0,59,19,2.0,1747,0,8111,2054
美食,快餐,西式快餐,黄山,7.0,986,13,3.0,1748,2,41567,6029
美食,烘焙糕点,面包,上海,0.0,544,11,3.0,1749,0,7977,384
美食,快餐,西式快餐,宁波,6.0,410,12,3.0,1750,2,53907,1900
超市便利店,超市,,武汉,0.0,726,18,4.0,1751,1,67515,3312
超市便利店,超市,,台州,,856,19,,1752,1,87391,0
超市便利店,便利店,,广州,0.0,36,2,3.0,1753,0,58522,1046
美食,休闲食品,生鲜水果,广州,1.0,448,12,3.0,1754,0,7094,414
美食,休闲茶饮,奶茶,苏州,2.0,946,4,3.0,1755,0,13891,888
美食,中餐,川菜,北京,5.0,135,16,3.0,1756,2,38096,2716
购物,本地购物,,天津,5.0,582,20,4.0,1757,0,15021,197
美食,快餐,西式快餐,济南,5.0,682,12,3.0,1758,2,26468,1370
超市便利店,超市,,南京,,311,5,,1759,0,50051,500
美食,休闲茶饮,饮品/甜点,泉州,6.0,444,9,3.0,1760,2,51315,2698
美食,其他美食,西餐,南京,4.0,399,20,2.0,1761,2,19707,5590
美食,快餐,中式快餐,北京,1.0,331,4,0.0,1762,0,14317,402
美食,快餐,西式快餐,北京,10.0,160,12,3.0,1763,2,58093,2010
超市便利店,便利店,,北京,0.0,113,4,3.0,1764,0,11942,139
美食,烘焙糕点,蛋糕,宁波,1.0,245,8,3.0,1765,0,10784,1175
超市便利店,便利店,,上海,0.0,148,5,4.0,1766,1,27380,707
超市便利店,超市,,沈阳,,909,19,,1767,1,27437,2120
超市便利店,便利店,,广州,0.0,29,2,2.0,1768,0,70266,852
美食,休闲茶饮,奶茶,温州,1.0,936,1,4.0,1769,0,20586,183
超市便利店,超市,,西安,,101,19,,1770,1,47478,4871
美食,快餐,中式快餐,无锡,1.0,180,3,1.0,1771,0,12374,173
美食,小吃,其它小吃,武汉,1.0,324,16,0.0,1772,0,7324,242
超市便利店,超市,,广州,0.0,392,19,0.0,1773,1,17408,2514
超市便利店,便利店,,广州,0.0,808,4,4.0,1774,0,23587,1064
美食,快餐,西式快餐,杭州,18.0,895,12,3.0,1775,2,105926,7102
美食,快餐,西式快餐,上海,6.0,157,11,3.0,1776,2,44220,3277
美食,快餐,中式快餐,杭州,1.0,629,10,1.0,1777,0,10087,229
超市便利店,超市,,台州,,600,17,,1778,0,26432,282
美食,快餐,西式快餐,北京,11.0,86,10,3.0,1779,2,80872,2613
超市便利店,超市,,宁德,0.0,553,17,4.0,1780,1,30102,3822
美食,快餐,中式快餐,深圳,2.0,862,13,2.0,1781,1,17464,1058
超市便利店,便利店,,广州,,867,2,,1782,1,10832,70
超市便利店,超市,,厦门,,707,18,,1783,1,106210,9208
美食,快餐,西式快餐,广州,11.0,36,8,2.0,1784,2,60354,8102
超市便利店,便利店,,广州,0.0,11,3,0.0,1785,0,17949,342
美食,休闲茶饮,奶茶,绍兴,1.0,219,1,4.0,1786,0,33758,9790
美食,休闲茶饮,奶茶,杭州,1.0,386,2,4.0,1787,0,18415,472
美食,汤/粥/煲/砂锅/炖菜,粥,绍兴,1.0,1040,3,4.0,1788,0,15752,3148
美食,快餐,中式快餐,武汉,1.0,606,4,2.0,1789,0,14784,270
美食,快餐,西式快餐,北京,10.0,77,9,3.0,1790,2,75037,2744
美食,快餐,西式快餐,大连,6.0,13,12,3.0,1791,2,36555,1849
美食,休闲食品,零食,宁波,2.0,1051,17,3.0,1792,2,17380,1390
超市便利店,超市,,上海,,554,13,,1793,0,16582,411
超市便利店,超市,,西安,,1008,19,,1794,1,28060,4304
美食,快餐,中式快餐,深圳,4.0,424,10,2.0,1795,0,22498,1039
美食,其他美食,日韩料理,南京,5.0,680,9,3.0,1796,0,65108,644
美食,烘焙糕点,蛋糕,上海,1.0,1033,2,2.0,1797,1,30560,744
美食,快餐,中式快餐,台州,0.0,5,10,3.0,1798,0,8873,596
美食,休闲食品,生鲜水果,温州,1.0,1002,1,4.0,1799,0,12160,173
美食,快餐,西式快餐,哈尔滨,4.0,514,16,1.0,1800,2,27533,3095
美食,其他美食,西餐,南京,5.0,399,20,2.0,1801,2,30463,4991
超市便利店,超市,,扬州,0.0,1011,18,0.0,1802,1,17123,2014
美食,休闲食品,生鲜水果,南通,2.0,1090,4,3.0,1803,0,28138,591
美食,快餐,西式快餐,苏州,8.0,654,15,3.0,1804,2,64302,5462
美食,快餐,西式快餐,惠州,6.0,83,12,2.0,1805,2,26831,5534
超市便利店,便利店,,北京,0.0,51,5,4.0,1806,0,16175,449
美食,快餐,西式快餐,金华,12.0,735,15,3.0,1807,2,73143,3572
美食,小吃,面点,漳州,0.0,307,2,3.0,1808,0,5422,461
美食,快餐,西式快餐,北京,9.0,1043,11,2.0,1809,2,51377,1916
美食,休闲食品,零食,福州,1.0,425,8,3.0,1810,0,17800,411
超市便利店,便利店,,广州,0.0,911,3,4.0,1811,0,30281,478
美食,快餐,西式快餐,西安,4.0,2,14,3.0,1812,2,15242,2080
美食,休闲茶饮,奶茶,南京,1.0,231,3,3.0,1813,0,25513,713
美食,快餐,中式快餐,南京,1.0,575,7,0.0,1814,0,12834,3596
超市便利店,便利店,,上海,0.0,643,3,4.0,1815,1,19810,561
美食,休闲茶饮,咖啡,广州,1.0,883,16,1.0,1816,0,5317,515
美食,快餐,西式快餐,广州,10.0,335,10,2.0,1817,2,61377,4046
美食,休闲食品,其它休闲食品,绍兴,1.0,634,2,4.0,1818,0,29431,402
美食,快餐,中式快餐,无锡,2.0,177,12,2.0,1819,1,24776,821
美食,快餐,西式快餐,宁波,8.0,299,13,3.0,1820,2,62246,3337
超市便利店,超市,,无锡,0.0,177,19,3.0,1821,1,287665,11112
美食,快餐,中式快餐,广州,1.0,853,7,1.0,1822,0,9720,372
美食,火锅,川味/重庆火锅,广州,8.0,36,20,4.0,1823,2,20948,34855
美食,休闲食品,零食,武汉,1.0,416,17,3.0,1824,2,9929,1068
美食,快餐,中式快餐,西安,0.0,1073,2,0.0,1825,0,10880,713
超市便利店,超市,,重庆,,532,19,,1826,1,69573,2444
美食,小吃,面点,上海,1.0,153,16,3.0,1827,0,10789,335
美食,休闲茶饮,奶茶,广州,3.0,392,5,3.0,1828,0,20963,1481
美食,快餐,西式快餐,广州,14.0,459,11,2.0,1829,2,70725,4171
美食,快餐,西式快餐,孝感,4.0,20,15,2.0,1830,2,25918,5184
美食,快餐,中式快餐,深圳,5.0,105,3,0.0,1831,0,69401,1399
超市便利店,超市,,绍兴,,219,17,,1832,0,13635,198
超市便利店,超市,,东莞,0.0,271,17,4.0,1833,0,20872,3019
超市便利店,便利店,,青岛,0.0,949,6,4.0,1834,1,17758,178
美食,休闲茶饮,咖啡,上海,1.0,642,16,3.0,1835,0,13256,957
超市便利店,超市,,芜湖,,384,17,,1836,1,22551,5608
美食,快餐,西式快餐,北京,5.0,1101,13,3.0,1837,2,30929,1720
超市便利店,超市,,南京,,500,16,,1838,0,24919,303
超市便利店,超市,,武汉,0.0,892,17,3.0,1839,1,49054,4545
美食,小吃,其它小吃,北京,3.0,580,17,3.0,1840,2,31822,597
美食,快餐,中式快餐,上海,1.0,91,9,2.0,1841,2,17150,2733
美食,休闲食品,生鲜水果,杭州,2.0,1094,4,3.0,1842,0,39255,499
超市便利店,便利店,,上海,,341,3,,1843,1,63662,196
美食,快餐,西式快餐,金华,4.0,136,10,3.0,1844,2,32191,7409
超市便利店,超市,,苏州,,496,7,,1845,0,8612,130
美食,快餐,中式快餐,上海,2.0,694,7,3.0,1846,2,27095,4825
超市便利店,个人护理,,武汉,0.0,290,16,1.0,1847,0,18309,497
超市便利店,超市,,通辽,,1039,18,,1848,1,28422,8048
超市便利店,便利店,,温州,0.0,71,3,4.0,1849,1,20643,431
超市便利店,超市,,石家庄,0.0,879,17,3.0,1850,0,105096,888
美食,快餐,中式快餐,成都,1.0,732,7,2.0,1851,0,10667,303
超市便利店,超市,,南京,0.0,461,15,4.0,1852,1,24518,457
美食,快餐,西式快餐,北京,5.0,114,8,3.0,1853,2,33032,1948
超市便利店,超市,,苏州,,22,9,,1854,0,19732,300
超市便利店,便利店,,杭州,,261,2,,1855,0,28467,273
美食,小吃,米粉/米线,深圳,2.0,991,7,2.0,1856,0,18797,461
美食,快餐,中式快餐,福州,1.0,802,2,2.0,1857,0,24615,820
美食,快餐,中式快餐,武汉,1.0,676,3,2.0,1858,0,12135,292
美食,快餐,西式快餐,广州,11.0,853,10,2.0,1859,2,99875,6521
美食,休闲茶饮,奶茶,上海,3.0,697,5,3.0,1860,2,30447,1632
美食,休闲茶饮,奶茶,杭州,4.0,1093,4,3.0,1861,2,27071,1550
美食,休闲茶饮,冰激凌,上海,2.0,937,9,3.0,1862,1,24733,1921
美食,小吃,面点,杭州,0.0,485,7,3.0,1863,0,14880,277
超市便利店,便利店,,南京,0.0,680,3,4.0,1864,1,27693,277
美食,小吃,其它小吃,杭州,2.0,250,18,1.0,1865,0,19868,1483
美食,休闲食品,生鲜水果,重庆,0.0,116,1,3.0,1866,0,10465,350
美食,中餐,海鲜,宁波,1.0,436,14,3.0,1867,0,16706,515
美食,休闲茶饮,饮品/甜点,福州,3.0,41,12,3.0,1868,2,27353,5995
超市便利店,超市,,阳江,,863,18,,1869,1,7870,10140
美食,快餐,中式快餐,上海,2.0,662,15,2.0,1870,1,30553,610
美食,快餐,西式快餐,济宁,4.0,989,13,3.0,1871,2,27065,3839
超市便利店,超市,,绍兴,,1063,18,,1872,1,94459,2001
美食,小吃,其它小吃,杭州,1.0,182,2,4.0,1873,0,6417,274
美食,快餐,西式快餐,南通,8.0,525,16,2.0,1874,2,82249,11148
超市便利店,便利店,,上海,0.0,1127,2,3.0,1875,1,176143,527
美食,快餐,西式快餐,武汉,9.0,581,9,3.0,1876,2,53292,10479
美食,休闲茶饮,饮品/甜点,福州,5.0,1075,9,3.0,1877,2,41535,1743
美食,休闲食品,生鲜水果,福州,1.0,851,2,2.0,1878,0,26130,115
超市便利店,超市,,宁波,0.0,891,15,4.0,1879,0,20788,1616
美食,烘焙糕点,蛋糕,南京,3.0,73,13,4.0,1880,0,42254,886
美食,火锅,其它火锅,福州,2.0,408,1,1.0,1881,0,59954,1728
美食,快餐,西式快餐,南通,9.0,998,15,3.0,1882,2,65550,5869
美食,火锅,川味/重庆火锅,苏州,3.0,63,20,4.0,1883,2,13508,18915
美食,快餐,西式快餐,苏州,7.0,990,12,3.0,1884,2,49854,2174
美食,快餐,西式快餐,北京,5.0,77,10,3.0,1885,2,34055,1208
超市便利店,超市,,上海,0.0,358,16,4.0,1886,1,23149,3953
美食,休闲茶饮,奶茶,上海,5.0,694,5,3.0,1887,2,42308,1504
超市便利店,便利店,,广州,0.0,67,3,4.0,1888,0,26220,1946
美食,快餐,中式快餐,北京,0.0,916,5,3.0,1889,0,14448,50
超市便利店,便利店,,上海,0.0,1032,4,4.0,1890,1,46890,395
美食,快餐,中式快餐,福州,1.0,226,16,0.0,1891,0,20094,1466
美食,休闲茶饮,奶茶,杭州,3.0,749,3,3.0,1892,2,18240,2532
美食,火锅,其它火锅,深圳,2.0,558,19,1.0,1893,0,7523,2957
超市便利店,便利店,,北京,0.0,855,3,4.0,1894,0,27652,417
美食,烘焙糕点,面包,广州,5.0,270,5,2.0,1895,0,26674,2917
美食,休闲食品,生鲜水果,杭州,1.0,485,6,3.0,1896,0,15137,187
美食,中餐,东北菜,温州,1.0,936,1,3.0,1897,0,12678,732
美食,快餐,西式快餐,杭州,10.0,1094,10,3.0,1898,2,80314,7824
美食,快餐,中式快餐,合肥,1.0,1083,2,3.0,1899,0,16711,909
超市便利店,便利店,,青岛,0.0,323,5,4.0,1900,0,16978,126
超市便利店,超市,,青岛,,1009,19,,1901,0,44054,2305
美食,休闲食品,生鲜水果,杭州,2.0,363,11,3.0,1902,0,28022,576
美食,快餐,西式快餐,绍兴,14.0,1063,14,3.0,1903,2,113692,7448
美食,烘焙糕点,面包,宁波,1.0,207,1,3.0,1904,0,13335,324
超市便利店,便利店,,武汉,,1007,3,,1905,0,16663,148
超市便利店,超市,,郑州,,736,18,,1906,1,121583,9496
超市便利店,便利店,,深圳,0.0,706,3,4.0,1907,0,22729,558
美食,中餐,湖北菜,武汉,1.0,1024,20,1.0,1908,0,5693,1575
美食,烘焙糕点,面包,武汉,2.0,416,4,3.0,1909,0,10295,729
超市便利店,超市,,北京,0.0,1146,6,0.0,1910,1,6416,389
美食,火锅,川味/重庆火锅,天津,8.0,625,20,4.0,1911,2,23598,62656
美食,快餐,西式快餐,无锡,9.0,115,12,3.0,1912,2,68703,2637
美食,烘焙糕点,蛋糕,天津,3.0,728,11,4.0,1913,2,20120,1397
超市便利店,超市,,南京,,680,7,,1914,0,48559,462
美食,快餐,中式快餐,北京,3.0,322,10,3.0,1915,0,30252,908
超市便利店,便利店,,温州,,585,3,,1916,1,17027,192
美食,烘焙糕点,面包,绍兴,2.0,1063,16,4.0,1917,0,23797,1173
美食,休闲食品,生鲜水果,长沙,3.0,967,2,4.0,1918,0,28218,275
美食,快餐,西式快餐,南宁,5.0,820,14,3.0,1919,2,32176,4083
超市便利店,便利店,,广州,0.0,57,2,3.0,1920,0,18949,434
超市便利店,超市,,泉州,0.0,34,17,4.0,1921,1,51416,3379
超市便利店,超市,,广州,0.0,932,18,3.0,1922,1,98601,3184
美食,烘焙糕点,面包,上海,3.0,643,11,2.0,1923,1,35981,716
美食,快餐,西式快餐,阜阳,9.0,342,14,1.0,1924,2,51813,6955
超市便利店,超市,,大连,0.0,87,19,4.0,1925,1,15788,677
美食,中餐,粤菜,深圳,5.0,332,6,1.0,1926,1,37349,1782
美食,休闲食品,生鲜水果,大连,1.0,340,2,3.0,1927,0,55904,849
美食,快餐,西式快餐,杭州,20.0,629,15,2.0,1928,2,418208,10170
超市便利店,便利店,,厦门,,364,2,,1929,0,7823,86
美食,快餐,中式快餐,上海,2.0,993,7,2.0,1930,2,20877,2052
美食,快餐,中式快餐,深圳,4.0,1109,4,0.0,1931,0,66657,1494
超市便利店,超市,,苏州,,530,11,,1932,0,24509,290
美食,火锅,其它火锅,北京,3.0,135,18,3.0,1933,2,18195,1650
美食,快餐,西式快餐,衢州,7.0,440,15,2.0,1934,2,46531,9371
美食,休闲食品,生鲜水果,嘉兴,3.0,393,2,3.0,1935,0,37593,17676
美食,快餐,西式快餐,上海,7.0,584,14,2.0,1936,2,51622,7435
超市便利店,超市,,长沙,,724,15,,1937,0,25759,362
美食,火锅,其它火锅,南京,3.0,399,19,2.0,1938,2,22624,2631
超市便利店,超市,,北京,0.0,268,19,4.0,1939,1,23505,1428
美食,快餐,西式快餐,佛山,6.0,292,11,2.0,1940,2,37820,3562
美食,烘焙糕点,面包,南京,4.0,215,13,4.0,1941,2,52351,1707
美食,快餐,西式快餐,徐州,7.0,125,15,3.0,1942,2,45201,3212
美食,烘焙糕点,蛋糕,武汉,5.0,1017,2,4.0,1943,0,24773,563
超市便利店,超市,,上海,,627,16,,1944,1,118050,5042
美食,休闲茶饮,饮品/甜点,北京,13.0,502,6,4.0,1945,2,119720,3654
超市便利店,超市,,贵阳,,712,19,,1946,0,13446,1341
超市便利店,便利店,,石家庄,0.0,873,2,4.0,1947,1,19923,80
超市便利店,超市,,上海,,168,17,,1948,0,54142,1082
美食,休闲食品,生鲜水果,杭州,0.0,411,11,4.0,1949,0,5778,204
超市便利店,超市,,苏州,,431,19,,1950,1,89612,6938
美食,快餐,西式快餐,金华,9.0,843,15,3.0,1951,2,58790,9532
美食,休闲茶饮,饮品/甜点,莆田,2.0,1102,12,2.0,1952,2,16413,2833
美食,火锅,川味/重庆火锅,广州,1.0,335,19,2.0,1953,0,5771,1266
超市便利店,超市,,广州,0.0,746,18,4.0,1954,1,122148,4788
美食,快餐,西式快餐,上海,8.0,185,12,3.0,1955,2,66650,4746
超市便利店,便利店,,杭州,0.0,631,3,1.0,1956,1,32550,902
超市便利店,便利店,,上海,,554,4,,1957,1,20401,236
美食,休闲食品,生鲜水果,沈阳,3.0,445,9,3.0,1958,0,27794,655
美食,休闲食品,零食,杭州,2.0,773,3,3.0,1959,0,63349,865
美食,休闲茶饮,饮品/甜点,烟台,9.0,556,7,4.0,1960,2,72976,8710
超市便利店,超市,,广州,,36,6,,1961,0,10538,365
美食,休闲食品,其它休闲食品,苏州,3.0,449,15,3.0,1962,0,26823,500
超市便利店,便利店,,温州,0.0,585,3,4.0,1963,1,30386,247
美食,快餐,其它快餐,杭州,0.0,405,8,2.0,1964,0,8496,350
美食,休闲食品,生鲜水果,苏州,3.0,496,8,2.0,1965,0,24955,1126
美食,小吃,其它小吃,杭州,1.0,378,5,2.0,1966,0,15140,301
超市便利店,超市,,上海,0.0,1127,18,4.0,1967,1,52276,779
美食,其他美食,日韩料理,上海,1.0,168,20,3.0,1968,0,9941,3436
美食,烘焙糕点,蛋糕,上海,2.0,833,7,3.0,1969,0,23958,1990
超市便利店,超市,,大连,0.0,1139,17,2.0,1970,0,84035,1508
美食,休闲茶饮,奶茶,上海,4.0,642,6,4.0,1971,0,43142,336
美食,快餐,西式快餐,广州,5.0,842,14,2.0,1972,2,27525,5949
超市便利店,超市,,武汉,0.0,285,8,4.0,1973,1,17728,1308
美食,休闲茶饮,奶茶,上海,3.0,1127,6,4.0,1974,0,31487,373
美食,烘焙糕点,蛋糕,绍兴,6.0,418,9,3.0,1975,0,71463,3554
美食,小吃,其它小吃,湖州,3.0,819,7,2.0,1976,0,43277,3967
美食,快餐,中式快餐,南昌,3.0,774,6,3.0,1977,0,46259,5401
美食,烘焙糕点,面包,南京,2.0,680,8,3.0,1978,0,18919,709
美食,快餐,其它快餐,天津,3.0,462,15,4.0,1979,0,9499,820
超市便利店,超市,,自贡,0.0,1121,17,4.0,1980,1,19854,5080
美食,休闲食品,生鲜水果,南昌,0.0,774,2,2.0,1981,0,10224,425
美食,快餐,中式快餐,潍坊,1.0,661,3,2.0,1982,0,8380,926
美食,烘焙糕点,其它烘焙糕点,济南,0.0,318,1,4.0,1983,0,6333,431
美食,快餐,中式快餐,杭州,1.0,1059,7,2.0,1984,0,7264,989
美食,快餐,西式快餐,上海,17.0,1036,15,2.0,1985,2,153454,4461
美食,快餐,西式快餐,广州,8.0,60,13,2.0,1986,2,37487,6016
美食,休闲茶饮,奶茶,杭州,3.0,850,5,4.0,1987,0,19305,262
超市便利店,超市,,佛山,,559,18,,1988,1,60320,5012
美食,快餐,西式快餐,绍兴,2.0,870,15,3.0,1989,2,22301,1227
美食,快餐,西式快餐,郑州,9.0,550,12,3.0,1990,2,47363,2544
超市便利店,便利店,,上海,0.0,1127,5,4.0,1991,1,31764,311
超市便利店,超市,,安康,,118,19,,1992,1,15792,16730
美食,休闲茶饮,奶茶,南昌,0.0,179,4,3.0,1993,0,6098,542
美食,烘焙糕点,面包,上海,3.0,478,13,3.0,1994,2,55646,797
超市便利店,超市,,苏州,,780,16,,1995,0,5883,362
美食,快餐,中式快餐,南宁,1.0,248,6,3.0,1996,0,7313,643
美食,快餐,中式快餐,上海,2.0,924,10,1.0,1997,0,40774,558
美食,小吃,面点,南通,2.0,1090,1,2.0,1998,0,45021,1846
超市便利店,超市,,成都,,1134,19,,1999,1,95661,3076
美食,小吃,面点,杭州,2.0,378,7,3.0,2000,0,20248,1552
